level,unit,upos_raw,deprel_raw,count
document,tlg0003.tlg001.perseus-grc1.1.tb.xml,ADJ,advcl,19
document,tlg0003.tlg001.perseus-grc1.1.tb.xml,ADJ,advmod,133
document,tlg0003.tlg001.perseus-grc1.1.tb.xml,ADJ,amod,67
document,tlg0003.tlg001.perseus-grc1.1.tb.xml,ADJ,appos,4
document,tlg0003.tlg001.perseus-grc1.1.tb.xml,ADJ,conj,62
document,tlg0003.tlg001.perseus-grc1.1.tb.xml,ADJ,iobj,1
document,tlg0003.tlg001.perseus-grc1.1.tb.xml,ADJ,nmod,325
document,tlg0003.tlg001.perseus-grc1.1.tb.xml,ADJ,nsubj,62
document,tlg0003.tlg001.perseus-grc1.1.tb.xml,ADJ,obj,87
document,tlg0003.tlg001.perseus-grc1.1.tb.xml,ADJ,obl,72
document,tlg0003.tlg001.perseus-grc1.1.tb.xml,ADJ,root,21
document,tlg0003.tlg001.perseus-grc1.1.tb.xml,ADJ,xcomp,88
document,tlg0003.tlg001.perseus-grc1.1.tb.xml,ADP,case,683
document,tlg0003.tlg001.perseus-grc1.1.tb.xml,ADP,nmod,3
document,tlg0003.tlg001.perseus-grc1.1.tb.xml,ADP,obj,1
document,tlg0003.tlg001.perseus-grc1.1.tb.xml,ADV,advmod,1440
document,tlg0003.tlg001.perseus-grc1.1.tb.xml,ADV,cc,2
document,tlg0003.tlg001.perseus-grc1.1.tb.xml,ADV,conj,6
document,tlg0003.tlg001.perseus-grc1.1.tb.xml,ADV,nmod,24
document,tlg0003.tlg001.perseus-grc1.1.tb.xml,ADV,nsubj,1
document,tlg0003.tlg001.perseus-grc1.1.tb.xml,ADV,obj,2
document,tlg0003.tlg001.perseus-grc1.1.tb.xml,ADV,obl,1
document,tlg0003.tlg001.perseus-grc1.1.tb.xml,ADV,root,1
document,tlg0003.tlg001.perseus-grc1.1.tb.xml,ADV,xcomp,1
document,tlg0003.tlg001.perseus-grc1.1.tb.xml,AUX,cop,135
document,tlg0003.tlg001.perseus-grc1.1.tb.xml,CCONJ,advmod,1
document,tlg0003.tlg001.perseus-grc1.1.tb.xml,CCONJ,cc,468
document,tlg0003.tlg001.perseus-grc1.1.tb.xml,CCONJ,mark,31
document,tlg0003.tlg001.perseus-grc1.1.tb.xml,DET,advmod,1
document,tlg0003.tlg001.perseus-grc1.1.tb.xml,DET,det,1198
document,tlg0003.tlg001.perseus-grc1.1.tb.xml,INTJ,discourse,8
document,tlg0003.tlg001.perseus-grc1.1.tb.xml,NOUN,acl,10
document,tlg0003.tlg001.perseus-grc1.1.tb.xml,NOUN,advcl,6
document,tlg0003.tlg001.perseus-grc1.1.tb.xml,NOUN,appos,6
document,tlg0003.tlg001.perseus-grc1.1.tb.xml,NOUN,conj,154
document,tlg0003.tlg001.perseus-grc1.1.tb.xml,NOUN,iobj,19
document,tlg0003.tlg001.perseus-grc1.1.tb.xml,NOUN,nmod,354
document,tlg0003.tlg001.perseus-grc1.1.tb.xml,NOUN,nsubj,352
document,tlg0003.tlg001.perseus-grc1.1.tb.xml,NOUN,obj,415
document,tlg0003.tlg001.perseus-grc1.1.tb.xml,NOUN,obl,467
document,tlg0003.tlg001.perseus-grc1.1.tb.xml,NOUN,root,15
document,tlg0003.tlg001.perseus-grc1.1.tb.xml,NOUN,vocative,7
document,tlg0003.tlg001.perseus-grc1.1.tb.xml,NOUN,xcomp,38
document,tlg0003.tlg001.perseus-grc1.1.tb.xml,PRON,advcl,1
document,tlg0003.tlg001.perseus-grc1.1.tb.xml,PRON,appos,1
document,tlg0003.tlg001.perseus-grc1.1.tb.xml,PRON,conj,9
document,tlg0003.tlg001.perseus-grc1.1.tb.xml,PRON,iobj,25
document,tlg0003.tlg001.perseus-grc1.1.tb.xml,PRON,nmod,96
document,tlg0003.tlg001.perseus-grc1.1.tb.xml,PRON,nsubj,144
document,tlg0003.tlg001.perseus-grc1.1.tb.xml,PRON,obj,208
document,tlg0003.tlg001.perseus-grc1.1.tb.xml,PRON,obl,167
document,tlg0003.tlg001.perseus-grc1.1.tb.xml,PRON,root,2
document,tlg0003.tlg001.perseus-grc1.1.tb.xml,PRON,xcomp,7
document,tlg0003.tlg001.perseus-grc1.1.tb.xml,PUNCT,punct,1035
document,tlg0003.tlg001.perseus-grc1.1.tb.xml,SCONJ,mark,155
document,tlg0003.tlg001.perseus-grc1.1.tb.xml,VERB,acl,88
document,tlg0003.tlg001.perseus-grc1.1.tb.xml,VERB,advcl,499
document,tlg0003.tlg001.perseus-grc1.1.tb.xml,VERB,appos,4
document,tlg0003.tlg001.perseus-grc1.1.tb.xml,VERB,ccomp,76
document,tlg0003.tlg001.perseus-grc1.1.tb.xml,VERB,conj,275
document,tlg0003.tlg001.perseus-grc1.1.tb.xml,VERB,csubj,48
document,tlg0003.tlg001.perseus-grc1.1.tb.xml,VERB,nmod,86
document,tlg0003.tlg001.perseus-grc1.1.tb.xml,VERB,nsubj,14
document,tlg0003.tlg001.perseus-grc1.1.tb.xml,VERB,obl,13
document,tlg0003.tlg001.perseus-grc1.1.tb.xml,VERB,parataxis,1
document,tlg0003.tlg001.perseus-grc1.1.tb.xml,VERB,root,493
document,tlg0003.tlg001.perseus-grc1.1.tb.xml,VERB,xcomp,158
document,tlg0007.tlg004.perseus-grc1.tb.xml,ADJ,advcl,7
document,tlg0007.tlg004.perseus-grc1.tb.xml,ADJ,advmod,32
document,tlg0007.tlg004.perseus-grc1.tb.xml,ADJ,amod,47
document,tlg0007.tlg004.perseus-grc1.tb.xml,ADJ,conj,55
document,tlg0007.tlg004.perseus-grc1.tb.xml,ADJ,iobj,7
document,tlg0007.tlg004.perseus-grc1.tb.xml,ADJ,nmod,167
document,tlg0007.tlg004.perseus-grc1.tb.xml,ADJ,nsubj,27
document,tlg0007.tlg004.perseus-grc1.tb.xml,ADJ,obj,44
document,tlg0007.tlg004.perseus-grc1.tb.xml,ADJ,obl,21
document,tlg0007.tlg004.perseus-grc1.tb.xml,ADJ,root,20
document,tlg0007.tlg004.perseus-grc1.tb.xml,ADJ,vocative,1
document,tlg0007.tlg004.perseus-grc1.tb.xml,ADJ,xcomp,42
document,tlg0007.tlg004.perseus-grc1.tb.xml,ADP,case,285
document,tlg0007.tlg004.perseus-grc1.tb.xml,ADV,advmod,604
document,tlg0007.tlg004.perseus-grc1.tb.xml,ADV,cc,1
document,tlg0007.tlg004.perseus-grc1.tb.xml,ADV,conj,13
document,tlg0007.tlg004.perseus-grc1.tb.xml,ADV,nmod,10
document,tlg0007.tlg004.perseus-grc1.tb.xml,AUX,cop,60
document,tlg0007.tlg004.perseus-grc1.tb.xml,CCONJ,advmod,1
document,tlg0007.tlg004.perseus-grc1.tb.xml,CCONJ,case,1
document,tlg0007.tlg004.perseus-grc1.tb.xml,CCONJ,cc,246
document,tlg0007.tlg004.perseus-grc1.tb.xml,CCONJ,mark,4
document,tlg0007.tlg004.perseus-grc1.tb.xml,DET,advmod,1
document,tlg0007.tlg004.perseus-grc1.tb.xml,DET,det,648
document,tlg0007.tlg004.perseus-grc1.tb.xml,INTJ,discourse,5
document,tlg0007.tlg004.perseus-grc1.tb.xml,NOUN,acl,1
document,tlg0007.tlg004.perseus-grc1.tb.xml,NOUN,advcl,2
document,tlg0007.tlg004.perseus-grc1.tb.xml,NOUN,appos,2
document,tlg0007.tlg004.perseus-grc1.tb.xml,NOUN,conj,82
document,tlg0007.tlg004.perseus-grc1.tb.xml,NOUN,iobj,13
document,tlg0007.tlg004.perseus-grc1.tb.xml,NOUN,nmod,156
document,tlg0007.tlg004.perseus-grc1.tb.xml,NOUN,nsubj,177
document,tlg0007.tlg004.perseus-grc1.tb.xml,NOUN,obj,221
document,tlg0007.tlg004.perseus-grc1.tb.xml,NOUN,obl,228
document,tlg0007.tlg004.perseus-grc1.tb.xml,NOUN,root,6
document,tlg0007.tlg004.perseus-grc1.tb.xml,NOUN,vocative,4
document,tlg0007.tlg004.perseus-grc1.tb.xml,NOUN,xcomp,34
document,tlg0007.tlg004.perseus-grc1.tb.xml,NUM,advcl,1
document,tlg0007.tlg004.perseus-grc1.tb.xml,NUM,conj,2
document,tlg0007.tlg004.perseus-grc1.tb.xml,NUM,nsubj,1
document,tlg0007.tlg004.perseus-grc1.tb.xml,NUM,nummod,16
document,tlg0007.tlg004.perseus-grc1.tb.xml,NUM,obl,1
document,tlg0007.tlg004.perseus-grc1.tb.xml,PRON,acl,1
document,tlg0007.tlg004.perseus-grc1.tb.xml,PRON,conj,3
document,tlg0007.tlg004.perseus-grc1.tb.xml,PRON,iobj,16
document,tlg0007.tlg004.perseus-grc1.tb.xml,PRON,nmod,29
document,tlg0007.tlg004.perseus-grc1.tb.xml,PRON,nsubj,66
document,tlg0007.tlg004.perseus-grc1.tb.xml,PRON,obj,55
document,tlg0007.tlg004.perseus-grc1.tb.xml,PRON,obl,53
document,tlg0007.tlg004.perseus-grc1.tb.xml,PRON,root,1
document,tlg0007.tlg004.perseus-grc1.tb.xml,PRON,xcomp,10
document,tlg0007.tlg004.perseus-grc1.tb.xml,PUNCT,punct,553
document,tlg0007.tlg004.perseus-grc1.tb.xml,SCONJ,case,2
document,tlg0007.tlg004.perseus-grc1.tb.xml,SCONJ,mark,79
document,tlg0007.tlg004.perseus-grc1.tb.xml,VERB,acl,26
document,tlg0007.tlg004.perseus-grc1.tb.xml,VERB,advcl,251
document,tlg0007.tlg004.perseus-grc1.tb.xml,VERB,appos,3
document,tlg0007.tlg004.perseus-grc1.tb.xml,VERB,ccomp,63
document,tlg0007.tlg004.perseus-grc1.tb.xml,VERB,conj,106
document,tlg0007.tlg004.perseus-grc1.tb.xml,VERB,csubj,28
document,tlg0007.tlg004.perseus-grc1.tb.xml,VERB,nmod,56
document,tlg0007.tlg004.perseus-grc1.tb.xml,VERB,nsubj,20
document,tlg0007.tlg004.perseus-grc1.tb.xml,VERB,obl,13
document,tlg0007.tlg004.perseus-grc1.tb.xml,VERB,root,221
document,tlg0007.tlg004.perseus-grc1.tb.xml,VERB,xcomp,93
document,tlg0007.tlg015.perseus-grc1.tb.xml,ADJ,advcl,7
document,tlg0007.tlg015.perseus-grc1.tb.xml,ADJ,advmod,42
document,tlg0007.tlg015.perseus-grc1.tb.xml,ADJ,amod,16
document,tlg0007.tlg015.perseus-grc1.tb.xml,ADJ,conj,20
document,tlg0007.tlg015.perseus-grc1.tb.xml,ADJ,iobj,4
document,tlg0007.tlg015.perseus-grc1.tb.xml,ADJ,nmod,140
document,tlg0007.tlg015.perseus-grc1.tb.xml,ADJ,nsubj,30
document,tlg0007.tlg015.perseus-grc1.tb.xml,ADJ,obj,46
document,tlg0007.tlg015.perseus-grc1.tb.xml,ADJ,obl,10
document,tlg0007.tlg015.perseus-grc1.tb.xml,ADJ,parataxis,1
document,tlg0007.tlg015.perseus-grc1.tb.xml,ADJ,root,13
document,tlg0007.tlg015.perseus-grc1.tb.xml,ADJ,xcomp,33
document,tlg0007.tlg015.perseus-grc1.tb.xml,ADP,case,263
document,tlg0007.tlg015.perseus-grc1.tb.xml,ADP,mark,2
document,tlg0007.tlg015.perseus-grc1.tb.xml,ADV,advcl,1
document,tlg0007.tlg015.perseus-grc1.tb.xml,ADV,advmod,617
document,tlg0007.tlg015.perseus-grc1.tb.xml,ADV,conj,4
document,tlg0007.tlg015.perseus-grc1.tb.xml,ADV,nmod,8
document,tlg0007.tlg015.perseus-grc1.tb.xml,ADV,nsubj,1
document,tlg0007.tlg015.perseus-grc1.tb.xml,AUX,cop,57
document,tlg0007.tlg015.perseus-grc1.tb.xml,CCONJ,advmod,1
document,tlg0007.tlg015.perseus-grc1.tb.xml,CCONJ,cc,253
document,tlg0007.tlg015.perseus-grc1.tb.xml,CCONJ,mark,7
document,tlg0007.tlg015.perseus-grc1.tb.xml,DET,det,630
document,tlg0007.tlg015.perseus-grc1.tb.xml,INTJ,discourse,2
document,tlg0007.tlg015.perseus-grc1.tb.xml,NOUN,acl,1
document,tlg0007.tlg015.perseus-grc1.tb.xml,NOUN,advcl,9
document,tlg0007.tlg015.perseus-grc1.tb.xml,NOUN,appos,3
document,tlg0007.tlg015.perseus-grc1.tb.xml,NOUN,conj,81
document,tlg0007.tlg015.perseus-grc1.tb.xml,NOUN,iobj,22
document,tlg0007.tlg015.perseus-grc1.tb.xml,NOUN,nmod,141
document,tlg0007.tlg015.perseus-grc1.tb.xml,NOUN,nsubj,216
document,tlg0007.tlg015.perseus-grc1.tb.xml,NOUN,obj,270
document,tlg0007.tlg015.perseus-grc1.tb.xml,NOUN,obl,207
document,tlg0007.tlg015.perseus-grc1.tb.xml,NOUN,root,4
document,tlg0007.tlg015.perseus-grc1.tb.xml,NOUN,vocative,3
document,tlg0007.tlg015.perseus-grc1.tb.xml,NOUN,xcomp,29
document,tlg0007.tlg015.perseus-grc1.tb.xml,PRON,advcl,1
document,tlg0007.tlg015.perseus-grc1.tb.xml,PRON,conj,4
document,tlg0007.tlg015.perseus-grc1.tb.xml,PRON,iobj,14
document,tlg0007.tlg015.perseus-grc1.tb.xml,PRON,nmod,31
document,tlg0007.tlg015.perseus-grc1.tb.xml,PRON,nsubj,34
document,tlg0007.tlg015.perseus-grc1.tb.xml,PRON,obj,81
document,tlg0007.tlg015.perseus-grc1.tb.xml,PRON,obl,55
document,tlg0007.tlg015.perseus-grc1.tb.xml,PRON,xcomp,5
document,tlg0007.tlg015.perseus-grc1.tb.xml,PUNCT,punct,534
document,tlg0007.tlg015.perseus-grc1.tb.xml,SCONJ,mark,51
document,tlg0007.tlg015.perseus-grc1.tb.xml,VERB,acl,24
document,tlg0007.tlg015.perseus-grc1.tb.xml,VERB,advcl,275
document,tlg0007.tlg015.perseus-grc1.tb.xml,VERB,ccomp,52
document,tlg0007.tlg015.perseus-grc1.tb.xml,VERB,conj,165
document,tlg0007.tlg015.perseus-grc1.tb.xml,VERB,csubj,18
document,tlg0007.tlg015.perseus-grc1.tb.xml,VERB,nmod,57
document,tlg0007.tlg015.perseus-grc1.tb.xml,VERB,nsubj,8
document,tlg0007.tlg015.perseus-grc1.tb.xml,VERB,obl,7
document,tlg0007.tlg015.perseus-grc1.tb.xml,VERB,root,234
document,tlg0007.tlg015.perseus-grc1.tb.xml,VERB,vocative,1
document,tlg0007.tlg015.perseus-grc1.tb.xml,VERB,xcomp,98
document,tlg0008.tlg001.perseus-grc1.tb.xml,ADJ,advcl,36
document,tlg0008.tlg001.perseus-grc1.tb.xml,ADJ,advmod,151
document,tlg0008.tlg001.perseus-grc1.tb.xml,ADJ,amod,169
document,tlg0008.tlg001.perseus-grc1.tb.xml,ADJ,appos,1
document,tlg0008.tlg001.perseus-grc1.tb.xml,ADJ,conj,124
document,tlg0008.tlg001.perseus-grc1.tb.xml,ADJ,iobj,10
document,tlg0008.tlg001.perseus-grc1.tb.xml,ADJ,nmod,1122
document,tlg0008.tlg001.perseus-grc1.tb.xml,ADJ,nsubj,96
document,tlg0008.tlg001.perseus-grc1.tb.xml,ADJ,obj,183
document,tlg0008.tlg001.perseus-grc1.tb.xml,ADJ,obl,120
document,tlg0008.tlg001.perseus-grc1.tb.xml,ADJ,parataxis,1
document,tlg0008.tlg001.perseus-grc1.tb.xml,ADJ,root,72
document,tlg0008.tlg001.perseus-grc1.tb.xml,ADJ,vocative,11
document,tlg0008.tlg001.perseus-grc1.tb.xml,ADJ,xcomp,179
document,tlg0008.tlg001.perseus-grc1.tb.xml,ADP,case,1770
document,tlg0008.tlg001.perseus-grc1.tb.xml,ADP,mark,4
document,tlg0008.tlg001.perseus-grc1.tb.xml,ADP,nmod,1
document,tlg0008.tlg001.perseus-grc1.tb.xml,ADP,obj,1
document,tlg0008.tlg001.perseus-grc1.tb.xml,ADV,advcl,3
document,tlg0008.tlg001.perseus-grc1.tb.xml,ADV,advmod,3076
document,tlg0008.tlg001.perseus-grc1.tb.xml,ADV,case,2
document,tlg0008.tlg001.perseus-grc1.tb.xml,ADV,cc,4
document,tlg0008.tlg001.perseus-grc1.tb.xml,ADV,conj,6
document,tlg0008.tlg001.perseus-grc1.tb.xml,ADV,nmod,29
document,tlg0008.tlg001.perseus-grc1.tb.xml,ADV,obj,8
document,tlg0008.tlg001.perseus-grc1.tb.xml,ADV,obl,2
document,tlg0008.tlg001.perseus-grc1.tb.xml,ADV,root,3
document,tlg0008.tlg001.perseus-grc1.tb.xml,ADV,xcomp,3
document,tlg0008.tlg001.perseus-grc1.tb.xml,AUX,conj,1
document,tlg0008.tlg001.perseus-grc1.tb.xml,AUX,cop,355
document,tlg0008.tlg001.perseus-grc1.tb.xml,CCONJ,advmod,4
document,tlg0008.tlg001.perseus-grc1.tb.xml,CCONJ,cc,797
document,tlg0008.tlg001.perseus-grc1.tb.xml,CCONJ,conj,1
document,tlg0008.tlg001.perseus-grc1.tb.xml,CCONJ,mark,32
document,tlg0008.tlg001.perseus-grc1.tb.xml,CCONJ,obj,1
document,tlg0008.tlg001.perseus-grc1.tb.xml,CCONJ,obl,1
document,tlg0008.tlg001.perseus-grc1.tb.xml,DET,advmod,1
document,tlg0008.tlg001.perseus-grc1.tb.xml,DET,det,3040
document,tlg0008.tlg001.perseus-grc1.tb.xml,DET,root,1
document,tlg0008.tlg001.perseus-grc1.tb.xml,DET,xcomp,3
document,tlg0008.tlg001.perseus-grc1.tb.xml,INTJ,discourse,44
document,tlg0008.tlg001.perseus-grc1.tb.xml,INTJ,vocative,2
document,tlg0008.tlg001.perseus-grc1.tb.xml,NOUN,acl,11
document,tlg0008.tlg001.perseus-grc1.tb.xml,NOUN,advcl,14
document,tlg0008.tlg001.perseus-grc1.tb.xml,NOUN,appos,36
document,tlg0008.tlg001.perseus-grc1.tb.xml,NOUN,case,1
document,tlg0008.tlg001.perseus-grc1.tb.xml,NOUN,conj,348
document,tlg0008.tlg001.perseus-grc1.tb.xml,NOUN,iobj,62
document,tlg0008.tlg001.perseus-grc1.tb.xml,NOUN,nmod,1163
document,tlg0008.tlg001.perseus-grc1.tb.xml,NOUN,nsubj,1273
document,tlg0008.tlg001.perseus-grc1.tb.xml,NOUN,nsubj:outer,1
document,tlg0008.tlg001.perseus-grc1.tb.xml,NOUN,obj,1250
document,tlg0008.tlg001.perseus-grc1.tb.xml,NOUN,obl,1275
document,tlg0008.tlg001.perseus-grc1.tb.xml,NOUN,orphan,2
document,tlg0008.tlg001.perseus-grc1.tb.xml,NOUN,root,58
document,tlg0008.tlg001.perseus-grc1.tb.xml,NOUN,vocative,77
document,tlg0008.tlg001.perseus-grc1.tb.xml,NOUN,xcomp,149
document,tlg0008.tlg001.perseus-grc1.tb.xml,NUM,conj,2
document,tlg0008.tlg001.perseus-grc1.tb.xml,NUM,nummod,14
document,tlg0008.tlg001.perseus-grc1.tb.xml,PRON,acl,5
document,tlg0008.tlg001.perseus-grc1.tb.xml,PRON,advcl,3
document,tlg0008.tlg001.perseus-grc1.tb.xml,PRON,conj,14
document,tlg0008.tlg001.perseus-grc1.tb.xml,PRON,iobj,68
document,tlg0008.tlg001.perseus-grc1.tb.xml,PRON,nmod,228
document,tlg0008.tlg001.perseus-grc1.tb.xml,PRON,nsubj,319
document,tlg0008.tlg001.perseus-grc1.tb.xml,PRON,obj,441
document,tlg0008.tlg001.perseus-grc1.tb.xml,PRON,obl,280
document,tlg0008.tlg001.perseus-grc1.tb.xml,PRON,root,10
document,tlg0008.tlg001.perseus-grc1.tb.xml,PRON,vocative,5
document,tlg0008.tlg001.perseus-grc1.tb.xml,PRON,xcomp,24
document,tlg0008.tlg001.perseus-grc1.tb.xml,PUNCT,punct,2964
document,tlg0008.tlg001.perseus-grc1.tb.xml,SCONJ,case,3
document,tlg0008.tlg001.perseus-grc1.tb.xml,SCONJ,mark,404
document,tlg0008.tlg001.perseus-grc1.tb.xml,SCONJ,xcomp,1
document,tlg0008.tlg001.perseus-grc1.tb.xml,VERB,acl,148
document,tlg0008.tlg001.perseus-grc1.tb.xml,VERB,advcl,1168
document,tlg0008.tlg001.perseus-grc1.tb.xml,VERB,appos,7
document,tlg0008.tlg001.perseus-grc1.tb.xml,VERB,ccomp,321
document,tlg0008.tlg001.perseus-grc1.tb.xml,VERB,conj,435
document,tlg0008.tlg001.perseus-grc1.tb.xml,VERB,csubj,54
document,tlg0008.tlg001.perseus-grc1.tb.xml,VERB,nmod,277
document,tlg0008.tlg001.perseus-grc1.tb.xml,VERB,nsubj,33
document,tlg0008.tlg001.perseus-grc1.tb.xml,VERB,obl,35
document,tlg0008.tlg001.perseus-grc1.tb.xml,VERB,parataxis,9
document,tlg0008.tlg001.perseus-grc1.tb.xml,VERB,root,1486
document,tlg0008.tlg001.perseus-grc1.tb.xml,VERB,vocative,3
document,tlg0008.tlg001.perseus-grc1.tb.xml,VERB,xcomp,290
document,tlg0008.tlg001.perseus-grc1.tb.xml,X,obj,1
document,tlg0008.tlg001.perseus-grc1.tb.xml,X,obl,3
document,tlg0011.tlg001.perseus-grc2.tb.xml,ADJ,advcl,5
document,tlg0011.tlg001.perseus-grc2.tb.xml,ADJ,advmod,31
document,tlg0011.tlg001.perseus-grc2.tb.xml,ADJ,amod,34
document,tlg0011.tlg001.perseus-grc2.tb.xml,ADJ,appos,1
document,tlg0011.tlg001.perseus-grc2.tb.xml,ADJ,conj,12
document,tlg0011.tlg001.perseus-grc2.tb.xml,ADJ,iobj,4
document,tlg0011.tlg001.perseus-grc2.tb.xml,ADJ,nmod,295
document,tlg0011.tlg001.perseus-grc2.tb.xml,ADJ,nsubj,43
document,tlg0011.tlg001.perseus-grc2.tb.xml,ADJ,obj,99
document,tlg0011.tlg001.perseus-grc2.tb.xml,ADJ,obl,17
document,tlg0011.tlg001.perseus-grc2.tb.xml,ADJ,root,7
document,tlg0011.tlg001.perseus-grc2.tb.xml,ADJ,vocative,18
document,tlg0011.tlg001.perseus-grc2.tb.xml,ADJ,xcomp,66
document,tlg0011.tlg001.perseus-grc2.tb.xml,ADP,case,154
document,tlg0011.tlg001.perseus-grc2.tb.xml,ADP,cc,3
document,tlg0011.tlg001.perseus-grc2.tb.xml,ADP,nmod,1
document,tlg0011.tlg001.perseus-grc2.tb.xml,ADV,advmod,257
document,tlg0011.tlg001.perseus-grc2.tb.xml,ADV,case,5
document,tlg0011.tlg001.perseus-grc2.tb.xml,ADV,cc,9
document,tlg0011.tlg001.perseus-grc2.tb.xml,ADV,conj,1
document,tlg0011.tlg001.perseus-grc2.tb.xml,ADV,mark,22
document,tlg0011.tlg001.perseus-grc2.tb.xml,ADV,nmod,5
document,tlg0011.tlg001.perseus-grc2.tb.xml,ADV,nsubj,1
document,tlg0011.tlg001.perseus-grc2.tb.xml,ADV,obj,24
document,tlg0011.tlg001.perseus-grc2.tb.xml,ADV,root,1
document,tlg0011.tlg001.perseus-grc2.tb.xml,ADV,vocative,3
document,tlg0011.tlg001.perseus-grc2.tb.xml,AUX,aux,3
document,tlg0011.tlg001.perseus-grc2.tb.xml,AUX,cop,38
document,tlg0011.tlg001.perseus-grc2.tb.xml,CCONJ,advmod,91
document,tlg0011.tlg001.perseus-grc2.tb.xml,CCONJ,cc,59
document,tlg0011.tlg001.perseus-grc2.tb.xml,CCONJ,mark,9
document,tlg0011.tlg001.perseus-grc2.tb.xml,DET,advmod,2
document,tlg0011.tlg001.perseus-grc2.tb.xml,DET,det,179
document,tlg0011.tlg001.perseus-grc2.tb.xml,INTJ,discourse,41
document,tlg0011.tlg001.perseus-grc2.tb.xml,INTJ,vocative,12
document,tlg0011.tlg001.perseus-grc2.tb.xml,NOUN,acl,1
document,tlg0011.tlg001.perseus-grc2.tb.xml,NOUN,advcl,2
document,tlg0011.tlg001.perseus-grc2.tb.xml,NOUN,appos,7
document,tlg0011.tlg001.perseus-grc2.tb.xml,NOUN,conj,40
document,tlg0011.tlg001.perseus-grc2.tb.xml,NOUN,iobj,13
document,tlg0011.tlg001.perseus-grc2.tb.xml,NOUN,nmod,150
document,tlg0011.tlg001.perseus-grc2.tb.xml,NOUN,nsubj,104
document,tlg0011.tlg001.perseus-grc2.tb.xml,NOUN,obj,257
document,tlg0011.tlg001.perseus-grc2.tb.xml,NOUN,obl,146
document,tlg0011.tlg001.perseus-grc2.tb.xml,NOUN,root,1
document,tlg0011.tlg001.perseus-grc2.tb.xml,NOUN,vocative,55
document,tlg0011.tlg001.perseus-grc2.tb.xml,NOUN,xcomp,25
document,tlg0011.tlg001.perseus-grc2.tb.xml,NUM,advcl,1
document,tlg0011.tlg001.perseus-grc2.tb.xml,NUM,nummod,5
document,tlg0011.tlg001.perseus-grc2.tb.xml,PART,advmod,336
document,tlg0011.tlg001.perseus-grc2.tb.xml,PART,cc,89
document,tlg0011.tlg001.perseus-grc2.tb.xml,PRON,conj,4
document,tlg0011.tlg001.perseus-grc2.tb.xml,PRON,iobj,21
document,tlg0011.tlg001.perseus-grc2.tb.xml,PRON,nmod,85
document,tlg0011.tlg001.perseus-grc2.tb.xml,PRON,nsubj,102
document,tlg0011.tlg001.perseus-grc2.tb.xml,PRON,obj,154
document,tlg0011.tlg001.perseus-grc2.tb.xml,PRON,obl,67
document,tlg0011.tlg001.perseus-grc2.tb.xml,PRON,parataxis,2
document,tlg0011.tlg001.perseus-grc2.tb.xml,PRON,root,7
document,tlg0011.tlg001.perseus-grc2.tb.xml,PRON,vocative,2
document,tlg0011.tlg001.perseus-grc2.tb.xml,PRON,xcomp,1
document,tlg0011.tlg001.perseus-grc2.tb.xml,PUNCT,punct,874
document,tlg0011.tlg001.perseus-grc2.tb.xml,SCONJ,mark,99
document,tlg0011.tlg001.perseus-grc2.tb.xml,VERB,acl,51
document,tlg0011.tlg001.perseus-grc2.tb.xml,VERB,advcl,243
document,tlg0011.tlg001.perseus-grc2.tb.xml,VERB,appos,9
document,tlg0011.tlg001.perseus-grc2.tb.xml,VERB,ccomp,44
document,tlg0011.tlg001.perseus-grc2.tb.xml,VERB,conj,91
document,tlg0011.tlg001.perseus-grc2.tb.xml,VERB,csubj,27
document,tlg0011.tlg001.perseus-grc2.tb.xml,VERB,nmod,25
document,tlg0011.tlg001.perseus-grc2.tb.xml,VERB,nsubj,5
document,tlg0011.tlg001.perseus-grc2.tb.xml,VERB,obl,1
document,tlg0011.tlg001.perseus-grc2.tb.xml,VERB,parataxis,24
document,tlg0011.tlg001.perseus-grc2.tb.xml,VERB,root,415
document,tlg0011.tlg001.perseus-grc2.tb.xml,VERB,xcomp,92
document,tlg0011.tlg002.perseus-grc2.tb.xml,ADJ,advcl,4
document,tlg0011.tlg002.perseus-grc2.tb.xml,ADJ,advmod,32
document,tlg0011.tlg002.perseus-grc2.tb.xml,ADJ,amod,20
document,tlg0011.tlg002.perseus-grc2.tb.xml,ADJ,appos,2
document,tlg0011.tlg002.perseus-grc2.tb.xml,ADJ,conj,15
document,tlg0011.tlg002.perseus-grc2.tb.xml,ADJ,iobj,3
document,tlg0011.tlg002.perseus-grc2.tb.xml,ADJ,nmod,263
document,tlg0011.tlg002.perseus-grc2.tb.xml,ADJ,nsubj,39
document,tlg0011.tlg002.perseus-grc2.tb.xml,ADJ,obj,84
document,tlg0011.tlg002.perseus-grc2.tb.xml,ADJ,obl,22
document,tlg0011.tlg002.perseus-grc2.tb.xml,ADJ,root,13
document,tlg0011.tlg002.perseus-grc2.tb.xml,ADJ,vocative,8
document,tlg0011.tlg002.perseus-grc2.tb.xml,ADJ,xcomp,71
document,tlg0011.tlg002.perseus-grc2.tb.xml,ADP,case,156
document,tlg0011.tlg002.perseus-grc2.tb.xml,ADP,root,3
document,tlg0011.tlg002.perseus-grc2.tb.xml,ADV,advmod,237
document,tlg0011.tlg002.perseus-grc2.tb.xml,ADV,case,5
document,tlg0011.tlg002.perseus-grc2.tb.xml,ADV,cc,2
document,tlg0011.tlg002.perseus-grc2.tb.xml,ADV,conj,2
document,tlg0011.tlg002.perseus-grc2.tb.xml,ADV,mark,6
document,tlg0011.tlg002.perseus-grc2.tb.xml,ADV,nmod,10
document,tlg0011.tlg002.perseus-grc2.tb.xml,ADV,obj,9
document,tlg0011.tlg002.perseus-grc2.tb.xml,ADV,xcomp,1
document,tlg0011.tlg002.perseus-grc2.tb.xml,AUX,aux,5
document,tlg0011.tlg002.perseus-grc2.tb.xml,AUX,cop,35
document,tlg0011.tlg002.perseus-grc2.tb.xml,CCONJ,advmod,82
document,tlg0011.tlg002.perseus-grc2.tb.xml,CCONJ,cc,63
document,tlg0011.tlg002.perseus-grc2.tb.xml,CCONJ,mark,6
document,tlg0011.tlg002.perseus-grc2.tb.xml,DET,det,149
document,tlg0011.tlg002.perseus-grc2.tb.xml,INTJ,discourse,20
document,tlg0011.tlg002.perseus-grc2.tb.xml,INTJ,vocative,12
document,tlg0011.tlg002.perseus-grc2.tb.xml,NOUN,advcl,2
document,tlg0011.tlg002.perseus-grc2.tb.xml,NOUN,appos,5
document,tlg0011.tlg002.perseus-grc2.tb.xml,NOUN,case,1
document,tlg0011.tlg002.perseus-grc2.tb.xml,NOUN,conj,28
document,tlg0011.tlg002.perseus-grc2.tb.xml,NOUN,iobj,12
document,tlg0011.tlg002.perseus-grc2.tb.xml,NOUN,nmod,140
document,tlg0011.tlg002.perseus-grc2.tb.xml,NOUN,nsubj,98
document,tlg0011.tlg002.perseus-grc2.tb.xml,NOUN,obj,204
document,tlg0011.tlg002.perseus-grc2.tb.xml,NOUN,obl,167
document,tlg0011.tlg002.perseus-grc2.tb.xml,NOUN,root,3
document,tlg0011.tlg002.perseus-grc2.tb.xml,NOUN,vocative,32
document,tlg0011.tlg002.perseus-grc2.tb.xml,NOUN,xcomp,14
document,tlg0011.tlg002.perseus-grc2.tb.xml,NUM,nsubj,1
document,tlg0011.tlg002.perseus-grc2.tb.xml,NUM,nummod,4
document,tlg0011.tlg002.perseus-grc2.tb.xml,NUM,xcomp,1
document,tlg0011.tlg002.perseus-grc2.tb.xml,PART,advmod,276
document,tlg0011.tlg002.perseus-grc2.tb.xml,PART,cc,70
document,tlg0011.tlg002.perseus-grc2.tb.xml,PRON,acl,1
document,tlg0011.tlg002.perseus-grc2.tb.xml,PRON,conj,4
document,tlg0011.tlg002.perseus-grc2.tb.xml,PRON,iobj,14
document,tlg0011.tlg002.perseus-grc2.tb.xml,PRON,nmod,53
document,tlg0011.tlg002.perseus-grc2.tb.xml,PRON,nsubj,85
document,tlg0011.tlg002.perseus-grc2.tb.xml,PRON,obj,96
document,tlg0011.tlg002.perseus-grc2.tb.xml,PRON,obl,57
document,tlg0011.tlg002.perseus-grc2.tb.xml,PRON,vocative,4
document,tlg0011.tlg002.perseus-grc2.tb.xml,PRON,xcomp,2
document,tlg0011.tlg002.perseus-grc2.tb.xml,PUNCT,punct,648
document,tlg0011.tlg002.perseus-grc2.tb.xml,SCONJ,case,3
document,tlg0011.tlg002.perseus-grc2.tb.xml,SCONJ,mark,58
document,tlg0011.tlg002.perseus-grc2.tb.xml,SCONJ,nmod,1
document,tlg0011.tlg002.perseus-grc2.tb.xml,VERB,acl,15
document,tlg0011.tlg002.perseus-grc2.tb.xml,VERB,advcl,172
document,tlg0011.tlg002.perseus-grc2.tb.xml,VERB,appos,6
document,tlg0011.tlg002.perseus-grc2.tb.xml,VERB,ccomp,34
document,tlg0011.tlg002.perseus-grc2.tb.xml,VERB,conj,75
document,tlg0011.tlg002.perseus-grc2.tb.xml,VERB,csubj,34
document,tlg0011.tlg002.perseus-grc2.tb.xml,VERB,nmod,24
document,tlg0011.tlg002.perseus-grc2.tb.xml,VERB,nsubj,4
document,tlg0011.tlg002.perseus-grc2.tb.xml,VERB,obl,2
document,tlg0011.tlg002.perseus-grc2.tb.xml,VERB,parataxis,8
document,tlg0011.tlg002.perseus-grc2.tb.xml,VERB,root,372
document,tlg0011.tlg002.perseus-grc2.tb.xml,VERB,vocative,1
document,tlg0011.tlg002.perseus-grc2.tb.xml,VERB,xcomp,88
document,tlg0011.tlg002.perseus-grc2.tb.xml,X,nmod,1
document,tlg0011.tlg003.perseus-grc1.tb.xml,ADJ,advcl,7
document,tlg0011.tlg003.perseus-grc1.tb.xml,ADJ,advmod,56
document,tlg0011.tlg003.perseus-grc1.tb.xml,ADJ,amod,47
document,tlg0011.tlg003.perseus-grc1.tb.xml,ADJ,conj,19
document,tlg0011.tlg003.perseus-grc1.tb.xml,ADJ,iobj,3
document,tlg0011.tlg003.perseus-grc1.tb.xml,ADJ,nmod,303
document,tlg0011.tlg003.perseus-grc1.tb.xml,ADJ,nsubj,36
document,tlg0011.tlg003.perseus-grc1.tb.xml,ADJ,obj,99
document,tlg0011.tlg003.perseus-grc1.tb.xml,ADJ,obl,29
document,tlg0011.tlg003.perseus-grc1.tb.xml,ADJ,root,8
document,tlg0011.tlg003.perseus-grc1.tb.xml,ADJ,vocative,8
document,tlg0011.tlg003.perseus-grc1.tb.xml,ADJ,xcomp,101
document,tlg0011.tlg003.perseus-grc1.tb.xml,ADP,case,160
document,tlg0011.tlg003.perseus-grc1.tb.xml,ADV,advmod,391
document,tlg0011.tlg003.perseus-grc1.tb.xml,ADV,case,4
document,tlg0011.tlg003.perseus-grc1.tb.xml,ADV,cc,1
document,tlg0011.tlg003.perseus-grc1.tb.xml,ADV,conj,2
document,tlg0011.tlg003.perseus-grc1.tb.xml,ADV,mark,6
document,tlg0011.tlg003.perseus-grc1.tb.xml,ADV,nmod,6
document,tlg0011.tlg003.perseus-grc1.tb.xml,ADV,obj,17
document,tlg0011.tlg003.perseus-grc1.tb.xml,AUX,cop,33
document,tlg0011.tlg003.perseus-grc1.tb.xml,CCONJ,advmod,34
document,tlg0011.tlg003.perseus-grc1.tb.xml,CCONJ,cc,79
document,tlg0011.tlg003.perseus-grc1.tb.xml,CCONJ,mark,6
document,tlg0011.tlg003.perseus-grc1.tb.xml,DET,det,157
document,tlg0011.tlg003.perseus-grc1.tb.xml,INTJ,discourse,31
document,tlg0011.tlg003.perseus-grc1.tb.xml,NOUN,advcl,3
document,tlg0011.tlg003.perseus-grc1.tb.xml,NOUN,appos,8
document,tlg0011.tlg003.perseus-grc1.tb.xml,NOUN,case,2
document,tlg0011.tlg003.perseus-grc1.tb.xml,NOUN,conj,37
document,tlg0011.tlg003.perseus-grc1.tb.xml,NOUN,iobj,15
document,tlg0011.tlg003.perseus-grc1.tb.xml,NOUN,nmod,102
document,tlg0011.tlg003.perseus-grc1.tb.xml,NOUN,nsubj,132
document,tlg0011.tlg003.perseus-grc1.tb.xml,NOUN,obj,285
document,tlg0011.tlg003.perseus-grc1.tb.xml,NOUN,obl,174
document,tlg0011.tlg003.perseus-grc1.tb.xml,NOUN,root,7
document,tlg0011.tlg003.perseus-grc1.tb.xml,NOUN,vocative,54
document,tlg0011.tlg003.perseus-grc1.tb.xml,NOUN,xcomp,16
document,tlg0011.tlg003.perseus-grc1.tb.xml,NUM,nummod,3
document,tlg0011.tlg003.perseus-grc1.tb.xml,PART,advmod,365
document,tlg0011.tlg003.perseus-grc1.tb.xml,PART,cc,82
document,tlg0011.tlg003.perseus-grc1.tb.xml,PART,mark,1
document,tlg0011.tlg003.perseus-grc1.tb.xml,PRON,conj,4
document,tlg0011.tlg003.perseus-grc1.tb.xml,PRON,iobj,17
document,tlg0011.tlg003.perseus-grc1.tb.xml,PRON,nmod,111
document,tlg0011.tlg003.perseus-grc1.tb.xml,PRON,nsubj,138
document,tlg0011.tlg003.perseus-grc1.tb.xml,PRON,obj,118
document,tlg0011.tlg003.perseus-grc1.tb.xml,PRON,obl,64
document,tlg0011.tlg003.perseus-grc1.tb.xml,PUNCT,punct,859
document,tlg0011.tlg003.perseus-grc1.tb.xml,SCONJ,mark,67
document,tlg0011.tlg003.perseus-grc1.tb.xml,VERB,acl,41
document,tlg0011.tlg003.perseus-grc1.tb.xml,VERB,advcl,256
document,tlg0011.tlg003.perseus-grc1.tb.xml,VERB,appos,2
document,tlg0011.tlg003.perseus-grc1.tb.xml,VERB,case,1
document,tlg0011.tlg003.perseus-grc1.tb.xml,VERB,ccomp,44
document,tlg0011.tlg003.perseus-grc1.tb.xml,VERB,conj,64
document,tlg0011.tlg003.perseus-grc1.tb.xml,VERB,csubj,22
document,tlg0011.tlg003.perseus-grc1.tb.xml,VERB,nmod,18
document,tlg0011.tlg003.perseus-grc1.tb.xml,VERB,nsubj,2
document,tlg0011.tlg003.perseus-grc1.tb.xml,VERB,parataxis,8
document,tlg0011.tlg003.perseus-grc1.tb.xml,VERB,root,474
document,tlg0011.tlg003.perseus-grc1.tb.xml,VERB,vocative,2
document,tlg0011.tlg003.perseus-grc1.tb.xml,VERB,xcomp,77
document,tlg0011.tlg003.perseus-grc1.tb.xml,X,root,1
document,tlg0011.tlg004.perseus-grc1.tb.xml,ADJ,advcl,2
document,tlg0011.tlg004.perseus-grc1.tb.xml,ADJ,advmod,53
document,tlg0011.tlg004.perseus-grc1.tb.xml,ADJ,amod,28
document,tlg0011.tlg004.perseus-grc1.tb.xml,ADJ,appos,3
document,tlg0011.tlg004.perseus-grc1.tb.xml,ADJ,conj,22
document,tlg0011.tlg004.perseus-grc1.tb.xml,ADJ,iobj,2
document,tlg0011.tlg004.perseus-grc1.tb.xml,ADJ,nmod,233
document,tlg0011.tlg004.perseus-grc1.tb.xml,ADJ,nsubj,47
document,tlg0011.tlg004.perseus-grc1.tb.xml,ADJ,obj,103
document,tlg0011.tlg004.perseus-grc1.tb.xml,ADJ,obl,19
document,tlg0011.tlg004.perseus-grc1.tb.xml,ADJ,root,18
document,tlg0011.tlg004.perseus-grc1.tb.xml,ADJ,vocative,16
document,tlg0011.tlg004.perseus-grc1.tb.xml,ADJ,xcomp,79
document,tlg0011.tlg004.perseus-grc1.tb.xml,ADP,case,160
document,tlg0011.tlg004.perseus-grc1.tb.xml,ADP,conj,1
document,tlg0011.tlg004.perseus-grc1.tb.xml,ADP,mark,2
document,tlg0011.tlg004.perseus-grc1.tb.xml,ADP,nmod,1
document,tlg0011.tlg004.perseus-grc1.tb.xml,ADP,obj,2
document,tlg0011.tlg004.perseus-grc1.tb.xml,ADP,root,2
document,tlg0011.tlg004.perseus-grc1.tb.xml,ADV,advmod,370
document,tlg0011.tlg004.perseus-grc1.tb.xml,ADV,case,4
document,tlg0011.tlg004.perseus-grc1.tb.xml,ADV,cc,5
document,tlg0011.tlg004.perseus-grc1.tb.xml,ADV,mark,3
document,tlg0011.tlg004.perseus-grc1.tb.xml,ADV,nmod,12
document,tlg0011.tlg004.perseus-grc1.tb.xml,ADV,obj,24
document,tlg0011.tlg004.perseus-grc1.tb.xml,ADV,xcomp,1
document,tlg0011.tlg004.perseus-grc1.tb.xml,AUX,aux,3
document,tlg0011.tlg004.perseus-grc1.tb.xml,AUX,cop,63
document,tlg0011.tlg004.perseus-grc1.tb.xml,CCONJ,advmod,121
document,tlg0011.tlg004.perseus-grc1.tb.xml,CCONJ,cc,64
document,tlg0011.tlg004.perseus-grc1.tb.xml,CCONJ,mark,9
document,tlg0011.tlg004.perseus-grc1.tb.xml,DET,advmod,1
document,tlg0011.tlg004.perseus-grc1.tb.xml,DET,det,216
document,tlg0011.tlg004.perseus-grc1.tb.xml,INTJ,discourse,36
document,tlg0011.tlg004.perseus-grc1.tb.xml,INTJ,vocative,5
document,tlg0011.tlg004.perseus-grc1.tb.xml,NOUN,acl,1
document,tlg0011.tlg004.perseus-grc1.tb.xml,NOUN,advcl,4
document,tlg0011.tlg004.perseus-grc1.tb.xml,NOUN,appos,3
document,tlg0011.tlg004.perseus-grc1.tb.xml,NOUN,case,1
document,tlg0011.tlg004.perseus-grc1.tb.xml,NOUN,conj,42
document,tlg0011.tlg004.perseus-grc1.tb.xml,NOUN,iobj,4
document,tlg0011.tlg004.perseus-grc1.tb.xml,NOUN,nmod,133
document,tlg0011.tlg004.perseus-grc1.tb.xml,NOUN,nsubj,122
document,tlg0011.tlg004.perseus-grc1.tb.xml,NOUN,obj,198
document,tlg0011.tlg004.perseus-grc1.tb.xml,NOUN,obl,134
document,tlg0011.tlg004.perseus-grc1.tb.xml,NOUN,root,7
document,tlg0011.tlg004.perseus-grc1.tb.xml,NOUN,vocative,56
document,tlg0011.tlg004.perseus-grc1.tb.xml,NOUN,xcomp,38
document,tlg0011.tlg004.perseus-grc1.tb.xml,NUM,nummod,3
document,tlg0011.tlg004.perseus-grc1.tb.xml,NUM,root,1
document,tlg0011.tlg004.perseus-grc1.tb.xml,PART,advmod,433
document,tlg0011.tlg004.perseus-grc1.tb.xml,PART,cc,79
document,tlg0011.tlg004.perseus-grc1.tb.xml,PRON,conj,9
document,tlg0011.tlg004.perseus-grc1.tb.xml,PRON,iobj,22
document,tlg0011.tlg004.perseus-grc1.tb.xml,PRON,nmod,108
document,tlg0011.tlg004.perseus-grc1.tb.xml,PRON,nsubj,121
document,tlg0011.tlg004.perseus-grc1.tb.xml,PRON,obj,204
document,tlg0011.tlg004.perseus-grc1.tb.xml,PRON,obl,94
document,tlg0011.tlg004.perseus-grc1.tb.xml,PRON,root,6
document,tlg0011.tlg004.perseus-grc1.tb.xml,PRON,vocative,5
document,tlg0011.tlg004.perseus-grc1.tb.xml,PRON,xcomp,3
document,tlg0011.tlg004.perseus-grc1.tb.xml,PUNCT,punct,908
document,tlg0011.tlg004.perseus-grc1.tb.xml,SCONJ,case,1
document,tlg0011.tlg004.perseus-grc1.tb.xml,SCONJ,mark,76
document,tlg0011.tlg004.perseus-grc1.tb.xml,VERB,acl,52
document,tlg0011.tlg004.perseus-grc1.tb.xml,VERB,advcl,200
document,tlg0011.tlg004.perseus-grc1.tb.xml,VERB,appos,10
document,tlg0011.tlg004.perseus-grc1.tb.xml,VERB,ccomp,48
document,tlg0011.tlg004.perseus-grc1.tb.xml,VERB,conj,73
document,tlg0011.tlg004.perseus-grc1.tb.xml,VERB,csubj,20
document,tlg0011.tlg004.perseus-grc1.tb.xml,VERB,nmod,33
document,tlg0011.tlg004.perseus-grc1.tb.xml,VERB,nsubj,6
document,tlg0011.tlg004.perseus-grc1.tb.xml,VERB,obl,2
document,tlg0011.tlg004.perseus-grc1.tb.xml,VERB,parataxis,12
document,tlg0011.tlg004.perseus-grc1.tb.xml,VERB,root,486
document,tlg0011.tlg004.perseus-grc1.tb.xml,VERB,xcomp,109
document,tlg0011.tlg004.perseus-grc1.tb.xml,X,conj,1
document,tlg0011.tlg004.perseus-grc1.tb.xml,X,obj,1
document,tlg0011.tlg004.perseus-grc1.tb.xml,X,vocative,1
document,tlg0011.tlg005.perseus-grc2.tb.xml,ADJ,advcl,1
document,tlg0011.tlg005.perseus-grc2.tb.xml,ADJ,advmod,42
document,tlg0011.tlg005.perseus-grc2.tb.xml,ADJ,amod,38
document,tlg0011.tlg005.perseus-grc2.tb.xml,ADJ,appos,1
document,tlg0011.tlg005.perseus-grc2.tb.xml,ADJ,conj,15
document,tlg0011.tlg005.perseus-grc2.tb.xml,ADJ,iobj,3
document,tlg0011.tlg005.perseus-grc2.tb.xml,ADJ,nmod,219
document,tlg0011.tlg005.perseus-grc2.tb.xml,ADJ,nsubj,38
document,tlg0011.tlg005.perseus-grc2.tb.xml,ADJ,obj,107
document,tlg0011.tlg005.perseus-grc2.tb.xml,ADJ,obl,25
document,tlg0011.tlg005.perseus-grc2.tb.xml,ADJ,parataxis,1
document,tlg0011.tlg005.perseus-grc2.tb.xml,ADJ,root,18
document,tlg0011.tlg005.perseus-grc2.tb.xml,ADJ,vocative,22
document,tlg0011.tlg005.perseus-grc2.tb.xml,ADJ,xcomp,63
document,tlg0011.tlg005.perseus-grc2.tb.xml,ADP,advcl,1
document,tlg0011.tlg005.perseus-grc2.tb.xml,ADP,case,145
document,tlg0011.tlg005.perseus-grc2.tb.xml,ADP,mark,2
document,tlg0011.tlg005.perseus-grc2.tb.xml,ADP,nmod,1
document,tlg0011.tlg005.perseus-grc2.tb.xml,ADP,nsubj,1
document,tlg0011.tlg005.perseus-grc2.tb.xml,ADP,obj,1
document,tlg0011.tlg005.perseus-grc2.tb.xml,ADP,root,5
document,tlg0011.tlg005.perseus-grc2.tb.xml,ADV,advmod,349
document,tlg0011.tlg005.perseus-grc2.tb.xml,ADV,case,3
document,tlg0011.tlg005.perseus-grc2.tb.xml,ADV,cc,5
document,tlg0011.tlg005.perseus-grc2.tb.xml,ADV,conj,2
document,tlg0011.tlg005.perseus-grc2.tb.xml,ADV,mark,9
document,tlg0011.tlg005.perseus-grc2.tb.xml,ADV,nmod,13
document,tlg0011.tlg005.perseus-grc2.tb.xml,ADV,nsubj,2
document,tlg0011.tlg005.perseus-grc2.tb.xml,ADV,obj,22
document,tlg0011.tlg005.perseus-grc2.tb.xml,ADV,root,1
document,tlg0011.tlg005.perseus-grc2.tb.xml,ADV,vocative,1
document,tlg0011.tlg005.perseus-grc2.tb.xml,AUX,cop,45
document,tlg0011.tlg005.perseus-grc2.tb.xml,CCONJ,advmod,119
document,tlg0011.tlg005.perseus-grc2.tb.xml,CCONJ,cc,53
document,tlg0011.tlg005.perseus-grc2.tb.xml,CCONJ,mark,5
document,tlg0011.tlg005.perseus-grc2.tb.xml,DET,advmod,1
document,tlg0011.tlg005.perseus-grc2.tb.xml,DET,det,165
document,tlg0011.tlg005.perseus-grc2.tb.xml,INTJ,discourse,45
document,tlg0011.tlg005.perseus-grc2.tb.xml,INTJ,vocative,6
document,tlg0011.tlg005.perseus-grc2.tb.xml,NOUN,advcl,4
document,tlg0011.tlg005.perseus-grc2.tb.xml,NOUN,appos,5
document,tlg0011.tlg005.perseus-grc2.tb.xml,NOUN,case,2
document,tlg0011.tlg005.perseus-grc2.tb.xml,NOUN,conj,21
document,tlg0011.tlg005.perseus-grc2.tb.xml,NOUN,iobj,15
document,tlg0011.tlg005.perseus-grc2.tb.xml,NOUN,nmod,102
document,tlg0011.tlg005.perseus-grc2.tb.xml,NOUN,nsubj,104
document,tlg0011.tlg005.perseus-grc2.tb.xml,NOUN,obj,202
document,tlg0011.tlg005.perseus-grc2.tb.xml,NOUN,obl,146
document,tlg0011.tlg005.perseus-grc2.tb.xml,NOUN,root,6
document,tlg0011.tlg005.perseus-grc2.tb.xml,NOUN,vocative,46
document,tlg0011.tlg005.perseus-grc2.tb.xml,NOUN,xcomp,19
document,tlg0011.tlg005.perseus-grc2.tb.xml,NUM,obj,1
document,tlg0011.tlg005.perseus-grc2.tb.xml,NUM,obl,1
document,tlg0011.tlg005.perseus-grc2.tb.xml,PART,advmod,409
document,tlg0011.tlg005.perseus-grc2.tb.xml,PART,cc,71
document,tlg0011.tlg005.perseus-grc2.tb.xml,PART,obj,1
document,tlg0011.tlg005.perseus-grc2.tb.xml,PART,vocative,1
document,tlg0011.tlg005.perseus-grc2.tb.xml,PRON,acl,1
document,tlg0011.tlg005.perseus-grc2.tb.xml,PRON,appos,1
document,tlg0011.tlg005.perseus-grc2.tb.xml,PRON,conj,5
document,tlg0011.tlg005.perseus-grc2.tb.xml,PRON,iobj,33
document,tlg0011.tlg005.perseus-grc2.tb.xml,PRON,nmod,77
document,tlg0011.tlg005.perseus-grc2.tb.xml,PRON,nsubj,99
document,tlg0011.tlg005.perseus-grc2.tb.xml,PRON,obj,169
document,tlg0011.tlg005.perseus-grc2.tb.xml,PRON,obl,66
document,tlg0011.tlg005.perseus-grc2.tb.xml,PRON,root,4
document,tlg0011.tlg005.perseus-grc2.tb.xml,PRON,vocative,4
document,tlg0011.tlg005.perseus-grc2.tb.xml,PRON,xcomp,3
document,tlg0011.tlg005.perseus-grc2.tb.xml,PUNCT,punct,854
document,tlg0011.tlg005.perseus-grc2.tb.xml,SCONJ,case,1
document,tlg0011.tlg005.perseus-grc2.tb.xml,SCONJ,mark,102
document,tlg0011.tlg005.perseus-grc2.tb.xml,VERB,acl,43
document,tlg0011.tlg005.perseus-grc2.tb.xml,VERB,advcl,231
document,tlg0011.tlg005.perseus-grc2.tb.xml,VERB,appos,6
document,tlg0011.tlg005.perseus-grc2.tb.xml,VERB,ccomp,42
document,tlg0011.tlg005.perseus-grc2.tb.xml,VERB,conj,63
document,tlg0011.tlg005.perseus-grc2.tb.xml,VERB,csubj,23
document,tlg0011.tlg005.perseus-grc2.tb.xml,VERB,nmod,33
document,tlg0011.tlg005.perseus-grc2.tb.xml,VERB,nsubj,7
document,tlg0011.tlg005.perseus-grc2.tb.xml,VERB,parataxis,9
document,tlg0011.tlg005.perseus-grc2.tb.xml,VERB,root,494
document,tlg0011.tlg005.perseus-grc2.tb.xml,VERB,vocative,1
document,tlg0011.tlg005.perseus-grc2.tb.xml,VERB,xcomp,117
document,tlg0012.tlg001.perseus-grc1.tb.xml,ADJ,advcl,62
document,tlg0012.tlg001.perseus-grc1.tb.xml,ADJ,advmod,682
document,tlg0012.tlg001.perseus-grc1.tb.xml,ADJ,amod,416
document,tlg0012.tlg001.perseus-grc1.tb.xml,ADJ,appos,5
document,tlg0012.tlg001.perseus-grc1.tb.xml,ADJ,conj,181
document,tlg0012.tlg001.perseus-grc1.tb.xml,ADJ,iobj,52
document,tlg0012.tlg001.perseus-grc1.tb.xml,ADJ,nmod,5652
document,tlg0012.tlg001.perseus-grc1.tb.xml,ADJ,nsubj,385
document,tlg0012.tlg001.perseus-grc1.tb.xml,ADJ,obj,568
document,tlg0012.tlg001.perseus-grc1.tb.xml,ADJ,obl,257
document,tlg0012.tlg001.perseus-grc1.tb.xml,ADJ,root,115
document,tlg0012.tlg001.perseus-grc1.tb.xml,ADJ,vocative,78
document,tlg0012.tlg001.perseus-grc1.tb.xml,ADJ,xcomp,883
document,tlg0012.tlg001.perseus-grc1.tb.xml,ADP,case,3846
document,tlg0012.tlg001.perseus-grc1.tb.xml,ADP,mark,2
document,tlg0012.tlg001.perseus-grc1.tb.xml,ADP,obj,2
document,tlg0012.tlg001.perseus-grc1.tb.xml,ADV,acl,1
document,tlg0012.tlg001.perseus-grc1.tb.xml,ADV,advcl,2
document,tlg0012.tlg001.perseus-grc1.tb.xml,ADV,advmod,5905
document,tlg0012.tlg001.perseus-grc1.tb.xml,ADV,case,21
document,tlg0012.tlg001.perseus-grc1.tb.xml,ADV,cc,18
document,tlg0012.tlg001.perseus-grc1.tb.xml,ADV,conj,23
document,tlg0012.tlg001.perseus-grc1.tb.xml,ADV,mark,12
document,tlg0012.tlg001.perseus-grc1.tb.xml,ADV,nmod,21
document,tlg0012.tlg001.perseus-grc1.tb.xml,ADV,obj,270
document,tlg0012.tlg001.perseus-grc1.tb.xml,ADV,obl,6
document,tlg0012.tlg001.perseus-grc1.tb.xml,ADV,root,6
document,tlg0012.tlg001.perseus-grc1.tb.xml,ADV,xcomp,4
document,tlg0012.tlg001.perseus-grc1.tb.xml,AUX,cop,500
document,tlg0012.tlg001.perseus-grc1.tb.xml,CCONJ,advmod,322
document,tlg0012.tlg001.perseus-grc1.tb.xml,CCONJ,cc,1427
document,tlg0012.tlg001.perseus-grc1.tb.xml,CCONJ,mark,248
document,tlg0012.tlg001.perseus-grc1.tb.xml,DET,advmod,1
document,tlg0012.tlg001.perseus-grc1.tb.xml,DET,det,327
document,tlg0012.tlg001.perseus-grc1.tb.xml,INTJ,discourse,102
document,tlg0012.tlg001.perseus-grc1.tb.xml,INTJ,vocative,11
document,tlg0012.tlg001.perseus-grc1.tb.xml,NOUN,acl,20
document,tlg0012.tlg001.perseus-grc1.tb.xml,NOUN,advcl,23
document,tlg0012.tlg001.perseus-grc1.tb.xml,NOUN,appos,34
document,tlg0012.tlg001.perseus-grc1.tb.xml,NOUN,case,1
document,tlg0012.tlg001.perseus-grc1.tb.xml,NOUN,conj,1069
document,tlg0012.tlg001.perseus-grc1.tb.xml,NOUN,iobj,324
document,tlg0012.tlg001.perseus-grc1.tb.xml,NOUN,nmod,2547
document,tlg0012.tlg001.perseus-grc1.tb.xml,NOUN,nsubj,3625
document,tlg0012.tlg001.perseus-grc1.tb.xml,NOUN,obj,5127
document,tlg0012.tlg001.perseus-grc1.tb.xml,NOUN,obl,3766
document,tlg0012.tlg001.perseus-grc1.tb.xml,NOUN,root,47
document,tlg0012.tlg001.perseus-grc1.tb.xml,NOUN,vocative,355
document,tlg0012.tlg001.perseus-grc1.tb.xml,NOUN,xcomp,116
document,tlg0012.tlg001.perseus-grc1.tb.xml,NUM,advcl,1
document,tlg0012.tlg001.perseus-grc1.tb.xml,NUM,conj,3
document,tlg0012.tlg001.perseus-grc1.tb.xml,NUM,nsubj,2
document,tlg0012.tlg001.perseus-grc1.tb.xml,NUM,nummod,97
document,tlg0012.tlg001.perseus-grc1.tb.xml,NUM,obj,2
document,tlg0012.tlg001.perseus-grc1.tb.xml,NUM,obl,1
document,tlg0012.tlg001.perseus-grc1.tb.xml,NUM,root,1
document,tlg0012.tlg001.perseus-grc1.tb.xml,NUM,xcomp,1
document,tlg0012.tlg001.perseus-grc1.tb.xml,PART,advmod,6024
document,tlg0012.tlg001.perseus-grc1.tb.xml,PART,case,1
document,tlg0012.tlg001.perseus-grc1.tb.xml,PART,cc,3849
document,tlg0012.tlg001.perseus-grc1.tb.xml,PART,mark,9
document,tlg0012.tlg001.perseus-grc1.tb.xml,PART,obj,1
document,tlg0012.tlg001.perseus-grc1.tb.xml,PRON,acl,1
document,tlg0012.tlg001.perseus-grc1.tb.xml,PRON,advcl,1
document,tlg0012.tlg001.perseus-grc1.tb.xml,PRON,appos,5
document,tlg0012.tlg001.perseus-grc1.tb.xml,PRON,conj,20
document,tlg0012.tlg001.perseus-grc1.tb.xml,PRON,iobj,295
document,tlg0012.tlg001.perseus-grc1.tb.xml,PRON,nmod,471
document,tlg0012.tlg001.perseus-grc1.tb.xml,PRON,nsubj,1838
document,tlg0012.tlg001.perseus-grc1.tb.xml,PRON,obj,1770
document,tlg0012.tlg001.perseus-grc1.tb.xml,PRON,obl,740
document,tlg0012.tlg001.perseus-grc1.tb.xml,PRON,root,8
document,tlg0012.tlg001.perseus-grc1.tb.xml,PRON,vocative,4
document,tlg0012.tlg001.perseus-grc1.tb.xml,PRON,xcomp,3
document,tlg0012.tlg001.perseus-grc1.tb.xml,PUNCT,punct,9991
document,tlg0012.tlg001.perseus-grc1.tb.xml,SCONJ,cc,1
document,tlg0012.tlg001.perseus-grc1.tb.xml,SCONJ,mark,695
document,tlg0012.tlg001.perseus-grc1.tb.xml,VERB,acl,617
document,tlg0012.tlg001.perseus-grc1.tb.xml,VERB,advcl,3615
document,tlg0012.tlg001.perseus-grc1.tb.xml,VERB,appos,18
document,tlg0012.tlg001.perseus-grc1.tb.xml,VERB,ccomp,303
document,tlg0012.tlg001.perseus-grc1.tb.xml,VERB,conj,2797
document,tlg0012.tlg001.perseus-grc1.tb.xml,VERB,csubj,59
document,tlg0012.tlg001.perseus-grc1.tb.xml,VERB,nmod,294
document,tlg0012.tlg001.perseus-grc1.tb.xml,VERB,nsubj,1
document,tlg0012.tlg001.perseus-grc1.tb.xml,VERB,obl,2
document,tlg0012.tlg001.perseus-grc1.tb.xml,VERB,parataxis,18
document,tlg0012.tlg001.perseus-grc1.tb.xml,VERB,root,5823
document,tlg0012.tlg001.perseus-grc1.tb.xml,VERB,vocative,6
document,tlg0012.tlg001.perseus-grc1.tb.xml,VERB,xcomp,1019
document,tlg0012.tlg001.perseus-grc1.tb.xml,X,nmod,6
document,tlg0012.tlg001.perseus-grc1.tb.xml,X,nsubj,3
document,tlg0012.tlg001.perseus-grc1.tb.xml,X,obj,3
document,tlg0012.tlg001.perseus-grc1.tb.xml,X,root,3
document,tlg0012.tlg001.perseus-grc1.tb.xml,X,vocative,1
document,tlg0013.tlg002.perseus-grc1.tb.xml,ADJ,advmod,13
document,tlg0013.tlg002.perseus-grc1.tb.xml,ADJ,amod,17
document,tlg0013.tlg002.perseus-grc1.tb.xml,ADJ,appos,1
document,tlg0013.tlg002.perseus-grc1.tb.xml,ADJ,conj,11
document,tlg0013.tlg002.perseus-grc1.tb.xml,ADJ,iobj,1
document,tlg0013.tlg002.perseus-grc1.tb.xml,ADJ,nmod,205
document,tlg0013.tlg002.perseus-grc1.tb.xml,ADJ,nsubj,9
document,tlg0013.tlg002.perseus-grc1.tb.xml,ADJ,obj,13
document,tlg0013.tlg002.perseus-grc1.tb.xml,ADJ,obl,5
document,tlg0013.tlg002.perseus-grc1.tb.xml,ADJ,root,2
document,tlg0013.tlg002.perseus-grc1.tb.xml,ADJ,vocative,1
document,tlg0013.tlg002.perseus-grc1.tb.xml,ADJ,xcomp,5
document,tlg0013.tlg002.perseus-grc1.tb.xml,ADP,case,82
document,tlg0013.tlg002.perseus-grc1.tb.xml,ADV,advmod,194
document,tlg0013.tlg002.perseus-grc1.tb.xml,ADV,conj,1
document,tlg0013.tlg002.perseus-grc1.tb.xml,ADV,nmod,1
document,tlg0013.tlg002.perseus-grc1.tb.xml,AUX,cop,11
document,tlg0013.tlg002.perseus-grc1.tb.xml,CCONJ,advmod,32
document,tlg0013.tlg002.perseus-grc1.tb.xml,CCONJ,cc,173
document,tlg0013.tlg002.perseus-grc1.tb.xml,CCONJ,mark,6
document,tlg0013.tlg002.perseus-grc1.tb.xml,DET,det,5
document,tlg0013.tlg002.perseus-grc1.tb.xml,NOUN,acl,1
document,tlg0013.tlg002.perseus-grc1.tb.xml,NOUN,appos,9
document,tlg0013.tlg002.perseus-grc1.tb.xml,NOUN,conj,50
document,tlg0013.tlg002.perseus-grc1.tb.xml,NOUN,iobj,5
document,tlg0013.tlg002.perseus-grc1.tb.xml,NOUN,nmod,87
document,tlg0013.tlg002.perseus-grc1.tb.xml,NOUN,nsubj,78
document,tlg0013.tlg002.perseus-grc1.tb.xml,NOUN,obj,115
document,tlg0013.tlg002.perseus-grc1.tb.xml,NOUN,obl,124
document,tlg0013.tlg002.perseus-grc1.tb.xml,NOUN,root,2
document,tlg0013.tlg002.perseus-grc1.tb.xml,NOUN,vocative,13
document,tlg0013.tlg002.perseus-grc1.tb.xml,NOUN,xcomp,1
document,tlg0013.tlg002.perseus-grc1.tb.xml,PRON,acl,1
document,tlg0013.tlg002.perseus-grc1.tb.xml,PRON,appos,1
document,tlg0013.tlg002.perseus-grc1.tb.xml,PRON,conj,3
document,tlg0013.tlg002.perseus-grc1.tb.xml,PRON,iobj,5
document,tlg0013.tlg002.perseus-grc1.tb.xml,PRON,nmod,19
document,tlg0013.tlg002.perseus-grc1.tb.xml,PRON,nsubj,48
document,tlg0013.tlg002.perseus-grc1.tb.xml,PRON,obj,37
document,tlg0013.tlg002.perseus-grc1.tb.xml,PRON,obl,12
document,tlg0013.tlg002.perseus-grc1.tb.xml,PUNCT,punct,284
document,tlg0013.tlg002.perseus-grc1.tb.xml,SCONJ,cc,15
document,tlg0013.tlg002.perseus-grc1.tb.xml,SCONJ,mark,30
document,tlg0013.tlg002.perseus-grc1.tb.xml,VERB,acl,9
document,tlg0013.tlg002.perseus-grc1.tb.xml,VERB,advcl,84
document,tlg0013.tlg002.perseus-grc1.tb.xml,VERB,appos,1
document,tlg0013.tlg002.perseus-grc1.tb.xml,VERB,ccomp,6
document,tlg0013.tlg002.perseus-grc1.tb.xml,VERB,conj,27
document,tlg0013.tlg002.perseus-grc1.tb.xml,VERB,nmod,21
document,tlg0013.tlg002.perseus-grc1.tb.xml,VERB,nsubj,4
document,tlg0013.tlg002.perseus-grc1.tb.xml,VERB,root,162
document,tlg0013.tlg002.perseus-grc1.tb.xml,VERB,vocative,2
document,tlg0013.tlg002.perseus-grc1.tb.xml,VERB,xcomp,17
document,tlg0016.tlg001.perseus-grc1.1.tb.xml,ADJ,advcl,30
document,tlg0016.tlg001.perseus-grc1.1.tb.xml,ADJ,advmod,141
document,tlg0016.tlg001.perseus-grc1.1.tb.xml,ADJ,amod,116
document,tlg0016.tlg001.perseus-grc1.1.tb.xml,ADJ,appos,4
document,tlg0016.tlg001.perseus-grc1.1.tb.xml,ADJ,conj,89
document,tlg0016.tlg001.perseus-grc1.1.tb.xml,ADJ,iobj,7
document,tlg0016.tlg001.perseus-grc1.1.tb.xml,ADJ,nmod,825
document,tlg0016.tlg001.perseus-grc1.1.tb.xml,ADJ,nsubj,99
document,tlg0016.tlg001.perseus-grc1.1.tb.xml,ADJ,obj,154
document,tlg0016.tlg001.perseus-grc1.1.tb.xml,ADJ,obl,49
document,tlg0016.tlg001.perseus-grc1.1.tb.xml,ADJ,root,49
document,tlg0016.tlg001.perseus-grc1.1.tb.xml,ADJ,vocative,1
document,tlg0016.tlg001.perseus-grc1.1.tb.xml,ADJ,xcomp,111
document,tlg0016.tlg001.perseus-grc1.1.tb.xml,ADP,case,1005
document,tlg0016.tlg001.perseus-grc1.1.tb.xml,ADV,advcl,1
document,tlg0016.tlg001.perseus-grc1.1.tb.xml,ADV,advmod,2454
document,tlg0016.tlg001.perseus-grc1.1.tb.xml,ADV,cc,1
document,tlg0016.tlg001.perseus-grc1.1.tb.xml,ADV,conj,1
document,tlg0016.tlg001.perseus-grc1.1.tb.xml,ADV,nmod,10
document,tlg0016.tlg001.perseus-grc1.1.tb.xml,ADV,nsubj,2
document,tlg0016.tlg001.perseus-grc1.1.tb.xml,ADV,obj,3
document,tlg0016.tlg001.perseus-grc1.1.tb.xml,ADV,root,7
document,tlg0016.tlg001.perseus-grc1.1.tb.xml,ADV,xcomp,8
document,tlg0016.tlg001.perseus-grc1.1.tb.xml,AUX,cop,368
document,tlg0016.tlg001.perseus-grc1.1.tb.xml,CCONJ,advmod,2
document,tlg0016.tlg001.perseus-grc1.1.tb.xml,CCONJ,cc,714
document,tlg0016.tlg001.perseus-grc1.1.tb.xml,CCONJ,mark,63
document,tlg0016.tlg001.perseus-grc1.1.tb.xml,DET,advmod,6
document,tlg0016.tlg001.perseus-grc1.1.tb.xml,DET,det,2161
document,tlg0016.tlg001.perseus-grc1.1.tb.xml,INTJ,discourse,31
document,tlg0016.tlg001.perseus-grc1.1.tb.xml,NOUN,acl,24
document,tlg0016.tlg001.perseus-grc1.1.tb.xml,NOUN,advcl,10
document,tlg0016.tlg001.perseus-grc1.1.tb.xml,NOUN,appos,12
document,tlg0016.tlg001.perseus-grc1.1.tb.xml,NOUN,conj,209
document,tlg0016.tlg001.perseus-grc1.1.tb.xml,NOUN,iobj,54
document,tlg0016.tlg001.perseus-grc1.1.tb.xml,NOUN,nmod,598
document,tlg0016.tlg001.perseus-grc1.1.tb.xml,NOUN,nsubj,851
document,tlg0016.tlg001.perseus-grc1.1.tb.xml,NOUN,obj,862
document,tlg0016.tlg001.perseus-grc1.1.tb.xml,NOUN,obl,875
document,tlg0016.tlg001.perseus-grc1.1.tb.xml,NOUN,root,37
document,tlg0016.tlg001.perseus-grc1.1.tb.xml,NOUN,vocative,46
document,tlg0016.tlg001.perseus-grc1.1.tb.xml,NOUN,xcomp,97
document,tlg0016.tlg001.perseus-grc1.1.tb.xml,NUM,conj,5
document,tlg0016.tlg001.perseus-grc1.1.tb.xml,NUM,nummod,40
document,tlg0016.tlg001.perseus-grc1.1.tb.xml,PRON,acl,8
document,tlg0016.tlg001.perseus-grc1.1.tb.xml,PRON,advcl,4
document,tlg0016.tlg001.perseus-grc1.1.tb.xml,PRON,appos,2
document,tlg0016.tlg001.perseus-grc1.1.tb.xml,PRON,conj,21
document,tlg0016.tlg001.perseus-grc1.1.tb.xml,PRON,iobj,98
document,tlg0016.tlg001.perseus-grc1.1.tb.xml,PRON,nmod,156
document,tlg0016.tlg001.perseus-grc1.1.tb.xml,PRON,nsubj,337
document,tlg0016.tlg001.perseus-grc1.1.tb.xml,PRON,obj,524
document,tlg0016.tlg001.perseus-grc1.1.tb.xml,PRON,obl,271
document,tlg0016.tlg001.perseus-grc1.1.tb.xml,PRON,root,10
document,tlg0016.tlg001.perseus-grc1.1.tb.xml,PRON,xcomp,27
document,tlg0016.tlg001.perseus-grc1.1.tb.xml,PUNCT,punct,2190
document,tlg0016.tlg001.perseus-grc1.1.tb.xml,SCONJ,case,4
document,tlg0016.tlg001.perseus-grc1.1.tb.xml,SCONJ,mark,272
document,tlg0016.tlg001.perseus-grc1.1.tb.xml,VERB,acl,137
document,tlg0016.tlg001.perseus-grc1.1.tb.xml,VERB,advcl,1069
document,tlg0016.tlg001.perseus-grc1.1.tb.xml,VERB,appos,20
document,tlg0016.tlg001.perseus-grc1.1.tb.xml,VERB,ccomp,231
document,tlg0016.tlg001.perseus-grc1.1.tb.xml,VERB,conj,444
document,tlg0016.tlg001.perseus-grc1.1.tb.xml,VERB,csubj,54
document,tlg0016.tlg001.perseus-grc1.1.tb.xml,VERB,nmod,163
document,tlg0016.tlg001.perseus-grc1.1.tb.xml,VERB,nsubj,30
document,tlg0016.tlg001.perseus-grc1.1.tb.xml,VERB,obl,13
document,tlg0016.tlg001.perseus-grc1.1.tb.xml,VERB,parataxis,2
document,tlg0016.tlg001.perseus-grc1.1.tb.xml,VERB,root,988
document,tlg0016.tlg001.perseus-grc1.1.tb.xml,VERB,vocative,1
document,tlg0016.tlg001.perseus-grc1.1.tb.xml,VERB,xcomp,262
document,tlg0016.tlg001.perseus-grc1.1.tb.xml,X,nmod,3
document,tlg0016.tlg001.perseus-grc1.1.tb.xml,X,root,1
document,tlg0016.tlg001.perseus-grc1.1.tb.xml,X,xcomp,1
document,tlg0020.tlg001.perseus-grc1.tb.xml,ADJ,advcl,2
document,tlg0020.tlg001.perseus-grc1.tb.xml,ADJ,advmod,37
document,tlg0020.tlg001.perseus-grc1.tb.xml,ADJ,amod,40
document,tlg0020.tlg001.perseus-grc1.tb.xml,ADJ,appos,4
document,tlg0020.tlg001.perseus-grc1.tb.xml,ADJ,conj,28
document,tlg0020.tlg001.perseus-grc1.tb.xml,ADJ,iobj,4
document,tlg0020.tlg001.perseus-grc1.tb.xml,ADJ,nmod,508
document,tlg0020.tlg001.perseus-grc1.tb.xml,ADJ,nsubj,13
document,tlg0020.tlg001.perseus-grc1.tb.xml,ADJ,obj,31
document,tlg0020.tlg001.perseus-grc1.tb.xml,ADJ,obl,16
document,tlg0020.tlg001.perseus-grc1.tb.xml,ADJ,root,2
document,tlg0020.tlg001.perseus-grc1.tb.xml,ADJ,vocative,3
document,tlg0020.tlg001.perseus-grc1.tb.xml,ADJ,xcomp,22
document,tlg0020.tlg001.perseus-grc1.tb.xml,ADP,case,226
document,tlg0020.tlg001.perseus-grc1.tb.xml,ADV,advmod,178
document,tlg0020.tlg001.perseus-grc1.tb.xml,ADV,case,2
document,tlg0020.tlg001.perseus-grc1.tb.xml,ADV,conj,1
document,tlg0020.tlg001.perseus-grc1.tb.xml,ADV,nmod,1
document,tlg0020.tlg001.perseus-grc1.tb.xml,ADV,obj,2
document,tlg0020.tlg001.perseus-grc1.tb.xml,ADV,obl,1
document,tlg0020.tlg001.perseus-grc1.tb.xml,AUX,cop,17
document,tlg0020.tlg001.perseus-grc1.tb.xml,CCONJ,advmod,56
document,tlg0020.tlg001.perseus-grc1.tb.xml,CCONJ,cc,102
document,tlg0020.tlg001.perseus-grc1.tb.xml,CCONJ,mark,6
document,tlg0020.tlg001.perseus-grc1.tb.xml,DET,det,15
document,tlg0020.tlg001.perseus-grc1.tb.xml,INTJ,discourse,2
document,tlg0020.tlg001.perseus-grc1.tb.xml,NOUN,advcl,1
document,tlg0020.tlg001.perseus-grc1.tb.xml,NOUN,appos,64
document,tlg0020.tlg001.perseus-grc1.tb.xml,NOUN,conj,274
document,tlg0020.tlg001.perseus-grc1.tb.xml,NOUN,iobj,17
document,tlg0020.tlg001.perseus-grc1.tb.xml,NOUN,nmod,213
document,tlg0020.tlg001.perseus-grc1.tb.xml,NOUN,nsubj,198
document,tlg0020.tlg001.perseus-grc1.tb.xml,NOUN,obj,280
document,tlg0020.tlg001.perseus-grc1.tb.xml,NOUN,obl,245
document,tlg0020.tlg001.perseus-grc1.tb.xml,NOUN,root,6
document,tlg0020.tlg001.perseus-grc1.tb.xml,NOUN,vocative,8
document,tlg0020.tlg001.perseus-grc1.tb.xml,NOUN,xcomp,9
document,tlg0020.tlg001.perseus-grc1.tb.xml,NUM,nummod,12
document,tlg0020.tlg001.perseus-grc1.tb.xml,PART,advmod,362
document,tlg0020.tlg001.perseus-grc1.tb.xml,PART,cc,228
document,tlg0020.tlg001.perseus-grc1.tb.xml,PRON,iobj,19
document,tlg0020.tlg001.perseus-grc1.tb.xml,PRON,nmod,22
document,tlg0020.tlg001.perseus-grc1.tb.xml,PRON,nsubj,69
document,tlg0020.tlg001.perseus-grc1.tb.xml,PRON,obj,59
document,tlg0020.tlg001.perseus-grc1.tb.xml,PRON,obl,15
document,tlg0020.tlg001.perseus-grc1.tb.xml,PUNCT,punct,574
document,tlg0020.tlg001.perseus-grc1.tb.xml,SCONJ,mark,21
document,tlg0020.tlg001.perseus-grc1.tb.xml,VERB,acl,47
document,tlg0020.tlg001.perseus-grc1.tb.xml,VERB,advcl,153
document,tlg0020.tlg001.perseus-grc1.tb.xml,VERB,appos,2
document,tlg0020.tlg001.perseus-grc1.tb.xml,VERB,ccomp,4
document,tlg0020.tlg001.perseus-grc1.tb.xml,VERB,conj,71
document,tlg0020.tlg001.perseus-grc1.tb.xml,VERB,csubj,4
document,tlg0020.tlg001.perseus-grc1.tb.xml,VERB,nmod,30
document,tlg0020.tlg001.perseus-grc1.tb.xml,VERB,obl,1
document,tlg0020.tlg001.perseus-grc1.tb.xml,VERB,parataxis,2
document,tlg0020.tlg001.perseus-grc1.tb.xml,VERB,root,265
document,tlg0020.tlg001.perseus-grc1.tb.xml,VERB,xcomp,16
document,tlg0020.tlg002.perseus-grc1.tb.xml,ADJ,advcl,5
document,tlg0020.tlg002.perseus-grc1.tb.xml,ADJ,advmod,39
document,tlg0020.tlg002.perseus-grc1.tb.xml,ADJ,amod,18
document,tlg0020.tlg002.perseus-grc1.tb.xml,ADJ,conj,18
document,tlg0020.tlg002.perseus-grc1.tb.xml,ADJ,iobj,1
document,tlg0020.tlg002.perseus-grc1.tb.xml,ADJ,nmod,267
document,tlg0020.tlg002.perseus-grc1.tb.xml,ADJ,nsubj,24
document,tlg0020.tlg002.perseus-grc1.tb.xml,ADJ,obj,46
document,tlg0020.tlg002.perseus-grc1.tb.xml,ADJ,obl,9
document,tlg0020.tlg002.perseus-grc1.tb.xml,ADJ,root,11
document,tlg0020.tlg002.perseus-grc1.tb.xml,ADJ,vocative,2
document,tlg0020.tlg002.perseus-grc1.tb.xml,ADJ,xcomp,52
document,tlg0020.tlg002.perseus-grc1.tb.xml,ADP,case,167
document,tlg0020.tlg002.perseus-grc1.tb.xml,ADP,mark,1
document,tlg0020.tlg002.perseus-grc1.tb.xml,ADV,advmod,233
document,tlg0020.tlg002.perseus-grc1.tb.xml,ADV,case,2
document,tlg0020.tlg002.perseus-grc1.tb.xml,ADV,cc,3
document,tlg0020.tlg002.perseus-grc1.tb.xml,ADV,conj,2
document,tlg0020.tlg002.perseus-grc1.tb.xml,ADV,mark,3
document,tlg0020.tlg002.perseus-grc1.tb.xml,ADV,nmod,2
document,tlg0020.tlg002.perseus-grc1.tb.xml,ADV,obj,10
document,tlg0020.tlg002.perseus-grc1.tb.xml,ADV,obl,1
document,tlg0020.tlg002.perseus-grc1.tb.xml,AUX,cop,31
document,tlg0020.tlg002.perseus-grc1.tb.xml,CCONJ,advmod,16
document,tlg0020.tlg002.perseus-grc1.tb.xml,CCONJ,cc,62
document,tlg0020.tlg002.perseus-grc1.tb.xml,CCONJ,mark,9
document,tlg0020.tlg002.perseus-grc1.tb.xml,DET,det,22
document,tlg0020.tlg002.perseus-grc1.tb.xml,INTJ,discourse,1
document,tlg0020.tlg002.perseus-grc1.tb.xml,NOUN,acl,1
document,tlg0020.tlg002.perseus-grc1.tb.xml,NOUN,appos,11
document,tlg0020.tlg002.perseus-grc1.tb.xml,NOUN,conj,57
document,tlg0020.tlg002.perseus-grc1.tb.xml,NOUN,iobj,18
document,tlg0020.tlg002.perseus-grc1.tb.xml,NOUN,nmod,113
document,tlg0020.tlg002.perseus-grc1.tb.xml,NOUN,nsubj,144
document,tlg0020.tlg002.perseus-grc1.tb.xml,NOUN,obj,264
document,tlg0020.tlg002.perseus-grc1.tb.xml,NOUN,obl,175
document,tlg0020.tlg002.perseus-grc1.tb.xml,NOUN,root,3
document,tlg0020.tlg002.perseus-grc1.tb.xml,NOUN,vocative,6
document,tlg0020.tlg002.perseus-grc1.tb.xml,NOUN,xcomp,9
document,tlg0020.tlg002.perseus-grc1.tb.xml,NUM,nummod,5
document,tlg0020.tlg002.perseus-grc1.tb.xml,PART,advmod,295
document,tlg0020.tlg002.perseus-grc1.tb.xml,PART,cc,201
document,tlg0020.tlg002.perseus-grc1.tb.xml,PRON,appos,1
document,tlg0020.tlg002.perseus-grc1.tb.xml,PRON,conj,1
document,tlg0020.tlg002.perseus-grc1.tb.xml,PRON,iobj,7
document,tlg0020.tlg002.perseus-grc1.tb.xml,PRON,nmod,13
document,tlg0020.tlg002.perseus-grc1.tb.xml,PRON,nsubj,64
document,tlg0020.tlg002.perseus-grc1.tb.xml,PRON,obj,62
document,tlg0020.tlg002.perseus-grc1.tb.xml,PRON,obl,25
document,tlg0020.tlg002.perseus-grc1.tb.xml,PUNCT,punct,527
document,tlg0020.tlg002.perseus-grc1.tb.xml,SCONJ,mark,34
document,tlg0020.tlg002.perseus-grc1.tb.xml,VERB,acl,30
document,tlg0020.tlg002.perseus-grc1.tb.xml,VERB,advcl,183
document,tlg0020.tlg002.perseus-grc1.tb.xml,VERB,appos,1
document,tlg0020.tlg002.perseus-grc1.tb.xml,VERB,ccomp,8
document,tlg0020.tlg002.perseus-grc1.tb.xml,VERB,conj,79
document,tlg0020.tlg002.perseus-grc1.tb.xml,VERB,csubj,5
document,tlg0020.tlg002.perseus-grc1.tb.xml,VERB,nmod,24
document,tlg0020.tlg002.perseus-grc1.tb.xml,VERB,nsubj,2
document,tlg0020.tlg002.perseus-grc1.tb.xml,VERB,parataxis,2
document,tlg0020.tlg002.perseus-grc1.tb.xml,VERB,root,269
document,tlg0020.tlg002.perseus-grc1.tb.xml,VERB,xcomp,29
document,tlg0020.tlg003.perseus-grc1.tb.xml,ADJ,advcl,1
document,tlg0020.tlg003.perseus-grc1.tb.xml,ADJ,advmod,34
document,tlg0020.tlg003.perseus-grc1.tb.xml,ADJ,amod,25
document,tlg0020.tlg003.perseus-grc1.tb.xml,ADJ,conj,11
document,tlg0020.tlg003.perseus-grc1.tb.xml,ADJ,iobj,1
document,tlg0020.tlg003.perseus-grc1.tb.xml,ADJ,nmod,209
document,tlg0020.tlg003.perseus-grc1.tb.xml,ADJ,nsubj,10
document,tlg0020.tlg003.perseus-grc1.tb.xml,ADJ,obj,6
document,tlg0020.tlg003.perseus-grc1.tb.xml,ADJ,obl,12
document,tlg0020.tlg003.perseus-grc1.tb.xml,ADJ,root,2
document,tlg0020.tlg003.perseus-grc1.tb.xml,ADJ,vocative,4
document,tlg0020.tlg003.perseus-grc1.tb.xml,ADJ,xcomp,21
document,tlg0020.tlg003.perseus-grc1.tb.xml,ADP,case,120
document,tlg0020.tlg003.perseus-grc1.tb.xml,ADV,acl,1
document,tlg0020.tlg003.perseus-grc1.tb.xml,ADV,advmod,113
document,tlg0020.tlg003.perseus-grc1.tb.xml,ADV,case,2
document,tlg0020.tlg003.perseus-grc1.tb.xml,ADV,cc,1
document,tlg0020.tlg003.perseus-grc1.tb.xml,ADV,conj,4
document,tlg0020.tlg003.perseus-grc1.tb.xml,ADV,nmod,2
document,tlg0020.tlg003.perseus-grc1.tb.xml,ADV,obj,9
document,tlg0020.tlg003.perseus-grc1.tb.xml,ADV,obl,1
document,tlg0020.tlg003.perseus-grc1.tb.xml,AUX,cop,10
document,tlg0020.tlg003.perseus-grc1.tb.xml,CCONJ,advmod,11
document,tlg0020.tlg003.perseus-grc1.tb.xml,CCONJ,cc,51
document,tlg0020.tlg003.perseus-grc1.tb.xml,DET,det,10
document,tlg0020.tlg003.perseus-grc1.tb.xml,INTJ,discourse,3
document,tlg0020.tlg003.perseus-grc1.tb.xml,NOUN,acl,2
document,tlg0020.tlg003.perseus-grc1.tb.xml,NOUN,appos,16
document,tlg0020.tlg003.perseus-grc1.tb.xml,NOUN,conj,54
document,tlg0020.tlg003.perseus-grc1.tb.xml,NOUN,iobj,5
document,tlg0020.tlg003.perseus-grc1.tb.xml,NOUN,nmod,94
document,tlg0020.tlg003.perseus-grc1.tb.xml,NOUN,nsubj,108
document,tlg0020.tlg003.perseus-grc1.tb.xml,NOUN,obj,180
document,tlg0020.tlg003.perseus-grc1.tb.xml,NOUN,obl,122
document,tlg0020.tlg003.perseus-grc1.tb.xml,NOUN,root,2
document,tlg0020.tlg003.perseus-grc1.tb.xml,NOUN,vocative,3
document,tlg0020.tlg003.perseus-grc1.tb.xml,NOUN,xcomp,2
document,tlg0020.tlg003.perseus-grc1.tb.xml,NUM,nummod,2
document,tlg0020.tlg003.perseus-grc1.tb.xml,PART,advmod,146
document,tlg0020.tlg003.perseus-grc1.tb.xml,PART,cc,154
document,tlg0020.tlg003.perseus-grc1.tb.xml,PRON,conj,1
document,tlg0020.tlg003.perseus-grc1.tb.xml,PRON,iobj,5
document,tlg0020.tlg003.perseus-grc1.tb.xml,PRON,nmod,19
document,tlg0020.tlg003.perseus-grc1.tb.xml,PRON,nsubj,56
document,tlg0020.tlg003.perseus-grc1.tb.xml,PRON,obj,24
document,tlg0020.tlg003.perseus-grc1.tb.xml,PRON,obl,11
document,tlg0020.tlg003.perseus-grc1.tb.xml,PUNCT,punct,323
document,tlg0020.tlg003.perseus-grc1.tb.xml,SCONJ,mark,13
document,tlg0020.tlg003.perseus-grc1.tb.xml,VERB,acl,13
document,tlg0020.tlg003.perseus-grc1.tb.xml,VERB,advcl,105
document,tlg0020.tlg003.perseus-grc1.tb.xml,VERB,ccomp,1
document,tlg0020.tlg003.perseus-grc1.tb.xml,VERB,conj,51
document,tlg0020.tlg003.perseus-grc1.tb.xml,VERB,csubj,1
document,tlg0020.tlg003.perseus-grc1.tb.xml,VERB,nmod,16
document,tlg0020.tlg003.perseus-grc1.tb.xml,VERB,obl,1
document,tlg0020.tlg003.perseus-grc1.tb.xml,VERB,root,178
document,tlg0020.tlg003.perseus-grc1.tb.xml,VERB,xcomp,21
document,tlg0060.tlg001.perseus-grc3.11.tb.xml,ADJ,advcl,11
document,tlg0060.tlg001.perseus-grc3.11.tb.xml,ADJ,advmod,105
document,tlg0060.tlg001.perseus-grc3.11.tb.xml,ADJ,amod,107
document,tlg0060.tlg001.perseus-grc3.11.tb.xml,ADJ,conj,49
document,tlg0060.tlg001.perseus-grc3.11.tb.xml,ADJ,iobj,5
document,tlg0060.tlg001.perseus-grc3.11.tb.xml,ADJ,nmod,726
document,tlg0060.tlg001.perseus-grc3.11.tb.xml,ADJ,nsubj,76
document,tlg0060.tlg001.perseus-grc3.11.tb.xml,ADJ,obj,121
document,tlg0060.tlg001.perseus-grc3.11.tb.xml,ADJ,obl,59
document,tlg0060.tlg001.perseus-grc3.11.tb.xml,ADJ,root,11
document,tlg0060.tlg001.perseus-grc3.11.tb.xml,ADJ,xcomp,121
document,tlg0060.tlg001.perseus-grc3.11.tb.xml,ADP,case,1325
document,tlg0060.tlg001.perseus-grc3.11.tb.xml,ADP,mark,6
document,tlg0060.tlg001.perseus-grc3.11.tb.xml,ADV,advmod,1636
document,tlg0060.tlg001.perseus-grc3.11.tb.xml,ADV,cc,2
document,tlg0060.tlg001.perseus-grc3.11.tb.xml,ADV,conj,2
document,tlg0060.tlg001.perseus-grc3.11.tb.xml,ADV,nmod,6
document,tlg0060.tlg001.perseus-grc3.11.tb.xml,ADV,xcomp,1
document,tlg0060.tlg001.perseus-grc3.11.tb.xml,AUX,cop,90
document,tlg0060.tlg001.perseus-grc3.11.tb.xml,CCONJ,advmod,1
document,tlg0060.tlg001.perseus-grc3.11.tb.xml,CCONJ,case,2
document,tlg0060.tlg001.perseus-grc3.11.tb.xml,CCONJ,cc,685
document,tlg0060.tlg001.perseus-grc3.11.tb.xml,CCONJ,mark,12
document,tlg0060.tlg001.perseus-grc3.11.tb.xml,CCONJ,nmod,1
document,tlg0060.tlg001.perseus-grc3.11.tb.xml,DET,advmod,1
document,tlg0060.tlg001.perseus-grc3.11.tb.xml,DET,det,2870
document,tlg0060.tlg001.perseus-grc3.11.tb.xml,NOUN,acl,9
document,tlg0060.tlg001.perseus-grc3.11.tb.xml,NOUN,advcl,5
document,tlg0060.tlg001.perseus-grc3.11.tb.xml,NOUN,appos,7
document,tlg0060.tlg001.perseus-grc3.11.tb.xml,NOUN,case,1
document,tlg0060.tlg001.perseus-grc3.11.tb.xml,NOUN,conj,210
document,tlg0060.tlg001.perseus-grc3.11.tb.xml,NOUN,iobj,44
document,tlg0060.tlg001.perseus-grc3.11.tb.xml,NOUN,nmod,751
document,tlg0060.tlg001.perseus-grc3.11.tb.xml,NOUN,nsubj,688
document,tlg0060.tlg001.perseus-grc3.11.tb.xml,NOUN,obj,920
document,tlg0060.tlg001.perseus-grc3.11.tb.xml,NOUN,obl,1063
document,tlg0060.tlg001.perseus-grc3.11.tb.xml,NOUN,root,6
document,tlg0060.tlg001.perseus-grc3.11.tb.xml,NOUN,xcomp,60
document,tlg0060.tlg001.perseus-grc3.11.tb.xml,PRON,acl,1
document,tlg0060.tlg001.perseus-grc3.11.tb.xml,PRON,conj,5
document,tlg0060.tlg001.perseus-grc3.11.tb.xml,PRON,iobj,29
document,tlg0060.tlg001.perseus-grc3.11.tb.xml,PRON,nmod,73
document,tlg0060.tlg001.perseus-grc3.11.tb.xml,PRON,nsubj,134
document,tlg0060.tlg001.perseus-grc3.11.tb.xml,PRON,obj,120
document,tlg0060.tlg001.perseus-grc3.11.tb.xml,PRON,obl,190
document,tlg0060.tlg001.perseus-grc3.11.tb.xml,PRON,root,6
document,tlg0060.tlg001.perseus-grc3.11.tb.xml,PRON,xcomp,6
document,tlg0060.tlg001.perseus-grc3.11.tb.xml,PUNCT,punct,1615
document,tlg0060.tlg001.perseus-grc3.11.tb.xml,SCONJ,case,2
document,tlg0060.tlg001.perseus-grc3.11.tb.xml,SCONJ,mark,98
document,tlg0060.tlg001.perseus-grc3.11.tb.xml,VERB,acl,47
document,tlg0060.tlg001.perseus-grc3.11.tb.xml,VERB,advcl,827
document,tlg0060.tlg001.perseus-grc3.11.tb.xml,VERB,appos,5
document,tlg0060.tlg001.perseus-grc3.11.tb.xml,VERB,ccomp,103
document,tlg0060.tlg001.perseus-grc3.11.tb.xml,VERB,conj,461
document,tlg0060.tlg001.perseus-grc3.11.tb.xml,VERB,csubj,45
document,tlg0060.tlg001.perseus-grc3.11.tb.xml,VERB,nmod,211
document,tlg0060.tlg001.perseus-grc3.11.tb.xml,VERB,nsubj,36
document,tlg0060.tlg001.perseus-grc3.11.tb.xml,VERB,obl,24
document,tlg0060.tlg001.perseus-grc3.11.tb.xml,VERB,parataxis,1
document,tlg0060.tlg001.perseus-grc3.11.tb.xml,VERB,root,710
document,tlg0060.tlg001.perseus-grc3.11.tb.xml,VERB,xcomp,337
document,tlg0060.tlg001.perseus-grc3.11.tb.xml,X,nmod,1
document,tlg0085.tlg001.perseus-grc2.tb.xml,ADJ,advmod,11
document,tlg0085.tlg001.perseus-grc2.tb.xml,ADJ,amod,7
document,tlg0085.tlg001.perseus-grc2.tb.xml,ADJ,appos,1
document,tlg0085.tlg001.perseus-grc2.tb.xml,ADJ,conj,7
document,tlg0085.tlg001.perseus-grc2.tb.xml,ADJ,iobj,2
document,tlg0085.tlg001.perseus-grc2.tb.xml,ADJ,nmod,122
document,tlg0085.tlg001.perseus-grc2.tb.xml,ADJ,nsubj,6
document,tlg0085.tlg001.perseus-grc2.tb.xml,ADJ,obj,19
document,tlg0085.tlg001.perseus-grc2.tb.xml,ADJ,obl,3
document,tlg0085.tlg001.perseus-grc2.tb.xml,ADJ,root,5
document,tlg0085.tlg001.perseus-grc2.tb.xml,ADJ,xcomp,30
document,tlg0085.tlg001.perseus-grc2.tb.xml,ADP,case,52
document,tlg0085.tlg001.perseus-grc2.tb.xml,ADP,cc,1
document,tlg0085.tlg001.perseus-grc2.tb.xml,ADV,advmod,84
document,tlg0085.tlg001.perseus-grc2.tb.xml,ADV,case,2
document,tlg0085.tlg001.perseus-grc2.tb.xml,ADV,cc,1
document,tlg0085.tlg001.perseus-grc2.tb.xml,ADV,mark,3
document,tlg0085.tlg001.perseus-grc2.tb.xml,ADV,nmod,2
document,tlg0085.tlg001.perseus-grc2.tb.xml,ADV,obj,6
document,tlg0085.tlg001.perseus-grc2.tb.xml,AUX,cop,15
document,tlg0085.tlg001.perseus-grc2.tb.xml,CCONJ,advmod,25
document,tlg0085.tlg001.perseus-grc2.tb.xml,CCONJ,cc,20
document,tlg0085.tlg001.perseus-grc2.tb.xml,DET,det,20
document,tlg0085.tlg001.perseus-grc2.tb.xml,INTJ,discourse,3
document,tlg0085.tlg001.perseus-grc2.tb.xml,INTJ,vocative,2
document,tlg0085.tlg001.perseus-grc2.tb.xml,NOUN,advcl,1
document,tlg0085.tlg001.perseus-grc2.tb.xml,NOUN,appos,9
document,tlg0085.tlg001.perseus-grc2.tb.xml,NOUN,case,1
document,tlg0085.tlg001.perseus-grc2.tb.xml,NOUN,conj,9
document,tlg0085.tlg001.perseus-grc2.tb.xml,NOUN,iobj,6
document,tlg0085.tlg001.perseus-grc2.tb.xml,NOUN,nmod,73
document,tlg0085.tlg001.perseus-grc2.tb.xml,NOUN,nsubj,53
document,tlg0085.tlg001.perseus-grc2.tb.xml,NOUN,obj,110
document,tlg0085.tlg001.perseus-grc2.tb.xml,NOUN,obl,57
document,tlg0085.tlg001.perseus-grc2.tb.xml,NOUN,root,5
document,tlg0085.tlg001.perseus-grc2.tb.xml,NOUN,vocative,6
document,tlg0085.tlg001.perseus-grc2.tb.xml,NOUN,xcomp,8
document,tlg0085.tlg001.perseus-grc2.tb.xml,PART,advmod,115
document,tlg0085.tlg001.perseus-grc2.tb.xml,PART,cc,28
document,tlg0085.tlg001.perseus-grc2.tb.xml,PART,nmod,1
document,tlg0085.tlg001.perseus-grc2.tb.xml,PRON,conj,1
document,tlg0085.tlg001.perseus-grc2.tb.xml,PRON,iobj,4
document,tlg0085.tlg001.perseus-grc2.tb.xml,PRON,nmod,35
document,tlg0085.tlg001.perseus-grc2.tb.xml,PRON,nsubj,17
document,tlg0085.tlg001.perseus-grc2.tb.xml,PRON,obj,16
document,tlg0085.tlg001.perseus-grc2.tb.xml,PRON,obl,17
document,tlg0085.tlg001.perseus-grc2.tb.xml,PRON,vocative,3
document,tlg0085.tlg001.perseus-grc2.tb.xml,PUNCT,punct,230
document,tlg0085.tlg001.perseus-grc2.tb.xml,SCONJ,case,1
document,tlg0085.tlg001.perseus-grc2.tb.xml,SCONJ,mark,10
document,tlg0085.tlg001.perseus-grc2.tb.xml,VERB,acl,2
document,tlg0085.tlg001.perseus-grc2.tb.xml,VERB,advcl,39
document,tlg0085.tlg001.perseus-grc2.tb.xml,VERB,appos,4
document,tlg0085.tlg001.perseus-grc2.tb.xml,VERB,ccomp,4
document,tlg0085.tlg001.perseus-grc2.tb.xml,VERB,conj,20
document,tlg0085.tlg001.perseus-grc2.tb.xml,VERB,csubj,11
document,tlg0085.tlg001.perseus-grc2.tb.xml,VERB,nmod,7
document,tlg0085.tlg001.perseus-grc2.tb.xml,VERB,parataxis,1
document,tlg0085.tlg001.perseus-grc2.tb.xml,VERB,root,155
document,tlg0085.tlg001.perseus-grc2.tb.xml,VERB,xcomp,20
document,tlg0085.tlg001.perseus-grc2.tb.xml,X,root,1
block,ATHENAEUS,ADJ,advcl,36
block,ATHENAEUS,ADJ,advmod,151
block,ATHENAEUS,ADJ,amod,169
block,ATHENAEUS,ADJ,appos,1
block,ATHENAEUS,ADJ,conj,124
block,ATHENAEUS,ADJ,iobj,10
block,ATHENAEUS,ADJ,nmod,1122
block,ATHENAEUS,ADJ,nsubj,96
block,ATHENAEUS,ADJ,obj,183
block,ATHENAEUS,ADJ,obl,120
block,ATHENAEUS,ADJ,parataxis,1
block,ATHENAEUS,ADJ,root,72
block,ATHENAEUS,ADJ,vocative,11
block,ATHENAEUS,ADJ,xcomp,179
block,ATHENAEUS,ADP,case,1770
block,ATHENAEUS,ADP,mark,4
block,ATHENAEUS,ADP,nmod,1
block,ATHENAEUS,ADP,obj,1
block,ATHENAEUS,ADV,advcl,3
block,ATHENAEUS,ADV,advmod,3076
block,ATHENAEUS,ADV,case,2
block,ATHENAEUS,ADV,cc,4
block,ATHENAEUS,ADV,conj,6
block,ATHENAEUS,ADV,nmod,29
block,ATHENAEUS,ADV,obj,8
block,ATHENAEUS,ADV,obl,2
block,ATHENAEUS,ADV,root,3
block,ATHENAEUS,ADV,xcomp,3
block,ATHENAEUS,AUX,conj,1
block,ATHENAEUS,AUX,cop,355
block,ATHENAEUS,CCONJ,advmod,4
block,ATHENAEUS,CCONJ,cc,797
block,ATHENAEUS,CCONJ,conj,1
block,ATHENAEUS,CCONJ,mark,32
block,ATHENAEUS,CCONJ,obj,1
block,ATHENAEUS,CCONJ,obl,1
block,ATHENAEUS,DET,advmod,1
block,ATHENAEUS,DET,det,3040
block,ATHENAEUS,DET,root,1
block,ATHENAEUS,DET,xcomp,3
block,ATHENAEUS,INTJ,discourse,44
block,ATHENAEUS,INTJ,vocative,2
block,ATHENAEUS,NOUN,acl,11
block,ATHENAEUS,NOUN,advcl,14
block,ATHENAEUS,NOUN,appos,36
block,ATHENAEUS,NOUN,case,1
block,ATHENAEUS,NOUN,conj,348
block,ATHENAEUS,NOUN,iobj,62
block,ATHENAEUS,NOUN,nmod,1163
block,ATHENAEUS,NOUN,nsubj,1273
block,ATHENAEUS,NOUN,nsubj:outer,1
block,ATHENAEUS,NOUN,obj,1250
block,ATHENAEUS,NOUN,obl,1275
block,ATHENAEUS,NOUN,orphan,2
block,ATHENAEUS,NOUN,root,58
block,ATHENAEUS,NOUN,vocative,77
block,ATHENAEUS,NOUN,xcomp,149
block,ATHENAEUS,NUM,conj,2
block,ATHENAEUS,NUM,nummod,14
block,ATHENAEUS,PRON,acl,5
block,ATHENAEUS,PRON,advcl,3
block,ATHENAEUS,PRON,conj,14
block,ATHENAEUS,PRON,iobj,68
block,ATHENAEUS,PRON,nmod,228
block,ATHENAEUS,PRON,nsubj,319
block,ATHENAEUS,PRON,obj,441
block,ATHENAEUS,PRON,obl,280
block,ATHENAEUS,PRON,root,10
block,ATHENAEUS,PRON,vocative,5
block,ATHENAEUS,PRON,xcomp,24
block,ATHENAEUS,PUNCT,punct,2964
block,ATHENAEUS,SCONJ,case,3
block,ATHENAEUS,SCONJ,mark,404
block,ATHENAEUS,SCONJ,xcomp,1
block,ATHENAEUS,VERB,acl,148
block,ATHENAEUS,VERB,advcl,1168
block,ATHENAEUS,VERB,appos,7
block,ATHENAEUS,VERB,ccomp,321
block,ATHENAEUS,VERB,conj,435
block,ATHENAEUS,VERB,csubj,54
block,ATHENAEUS,VERB,nmod,277
block,ATHENAEUS,VERB,nsubj,33
block,ATHENAEUS,VERB,obl,35
block,ATHENAEUS,VERB,parataxis,9
block,ATHENAEUS,VERB,root,1486
block,ATHENAEUS,VERB,vocative,3
block,ATHENAEUS,VERB,xcomp,290
block,ATHENAEUS,X,obj,1
block,ATHENAEUS,X,obl,3
block,DIODORUS,ADJ,advcl,11
block,DIODORUS,ADJ,advmod,105
block,DIODORUS,ADJ,amod,107
block,DIODORUS,ADJ,conj,49
block,DIODORUS,ADJ,iobj,5
block,DIODORUS,ADJ,nmod,726
block,DIODORUS,ADJ,nsubj,76
block,DIODORUS,ADJ,obj,121
block,DIODORUS,ADJ,obl,59
block,DIODORUS,ADJ,root,11
block,DIODORUS,ADJ,xcomp,121
block,DIODORUS,ADP,case,1325
block,DIODORUS,ADP,mark,6
block,DIODORUS,ADV,advmod,1636
block,DIODORUS,ADV,cc,2
block,DIODORUS,ADV,conj,2
block,DIODORUS,ADV,nmod,6
block,DIODORUS,ADV,xcomp,1
block,DIODORUS,AUX,cop,90
block,DIODORUS,CCONJ,advmod,1
block,DIODORUS,CCONJ,case,2
block,DIODORUS,CCONJ,cc,685
block,DIODORUS,CCONJ,mark,12
block,DIODORUS,CCONJ,nmod,1
block,DIODORUS,DET,advmod,1
block,DIODORUS,DET,det,2870
block,DIODORUS,NOUN,acl,9
block,DIODORUS,NOUN,advcl,5
block,DIODORUS,NOUN,appos,7
block,DIODORUS,NOUN,case,1
block,DIODORUS,NOUN,conj,210
block,DIODORUS,NOUN,iobj,44
block,DIODORUS,NOUN,nmod,751
block,DIODORUS,NOUN,nsubj,688
block,DIODORUS,NOUN,obj,920
block,DIODORUS,NOUN,obl,1063
block,DIODORUS,NOUN,root,6
block,DIODORUS,NOUN,xcomp,60
block,DIODORUS,PRON,acl,1
block,DIODORUS,PRON,conj,5
block,DIODORUS,PRON,iobj,29
block,DIODORUS,PRON,nmod,73
block,DIODORUS,PRON,nsubj,134
block,DIODORUS,PRON,obj,120
block,DIODORUS,PRON,obl,190
block,DIODORUS,PRON,root,6
block,DIODORUS,PRON,xcomp,6
block,DIODORUS,PUNCT,punct,1615
block,DIODORUS,SCONJ,case,2
block,DIODORUS,SCONJ,mark,98
block,DIODORUS,VERB,acl,47
block,DIODORUS,VERB,advcl,827
block,DIODORUS,VERB,appos,5
block,DIODORUS,VERB,ccomp,103
block,DIODORUS,VERB,conj,461
block,DIODORUS,VERB,csubj,45
block,DIODORUS,VERB,nmod,211
block,DIODORUS,VERB,nsubj,36
block,DIODORUS,VERB,obl,24
block,DIODORUS,VERB,parataxis,1
block,DIODORUS,VERB,root,710
block,DIODORUS,VERB,xcomp,337
block,DIODORUS,X,nmod,1
block,HERODOTUS,ADJ,advcl,30
block,HERODOTUS,ADJ,advmod,141
block,HERODOTUS,ADJ,amod,116
block,HERODOTUS,ADJ,appos,4
block,HERODOTUS,ADJ,conj,89
block,HERODOTUS,ADJ,iobj,7
block,HERODOTUS,ADJ,nmod,825
block,HERODOTUS,ADJ,nsubj,99
block,HERODOTUS,ADJ,obj,154
block,HERODOTUS,ADJ,obl,49
block,HERODOTUS,ADJ,root,49
block,HERODOTUS,ADJ,vocative,1
block,HERODOTUS,ADJ,xcomp,111
block,HERODOTUS,ADP,case,1005
block,HERODOTUS,ADV,advcl,1
block,HERODOTUS,ADV,advmod,2454
block,HERODOTUS,ADV,cc,1
block,HERODOTUS,ADV,conj,1
block,HERODOTUS,ADV,nmod,10
block,HERODOTUS,ADV,nsubj,2
block,HERODOTUS,ADV,obj,3
block,HERODOTUS,ADV,root,7
block,HERODOTUS,ADV,xcomp,8
block,HERODOTUS,AUX,cop,368
block,HERODOTUS,CCONJ,advmod,2
block,HERODOTUS,CCONJ,cc,714
block,HERODOTUS,CCONJ,mark,63
block,HERODOTUS,DET,advmod,6
block,HERODOTUS,DET,det,2161
block,HERODOTUS,INTJ,discourse,31
block,HERODOTUS,NOUN,acl,24
block,HERODOTUS,NOUN,advcl,10
block,HERODOTUS,NOUN,appos,12
block,HERODOTUS,NOUN,conj,209
block,HERODOTUS,NOUN,iobj,54
block,HERODOTUS,NOUN,nmod,598
block,HERODOTUS,NOUN,nsubj,851
block,HERODOTUS,NOUN,obj,862
block,HERODOTUS,NOUN,obl,875
block,HERODOTUS,NOUN,root,37
block,HERODOTUS,NOUN,vocative,46
block,HERODOTUS,NOUN,xcomp,97
block,HERODOTUS,NUM,conj,5
block,HERODOTUS,NUM,nummod,40
block,HERODOTUS,PRON,acl,8
block,HERODOTUS,PRON,advcl,4
block,HERODOTUS,PRON,appos,2
block,HERODOTUS,PRON,conj,21
block,HERODOTUS,PRON,iobj,98
block,HERODOTUS,PRON,nmod,156
block,HERODOTUS,PRON,nsubj,337
block,HERODOTUS,PRON,obj,524
block,HERODOTUS,PRON,obl,271
block,HERODOTUS,PRON,root,10
block,HERODOTUS,PRON,xcomp,27
block,HERODOTUS,PUNCT,punct,2190
block,HERODOTUS,SCONJ,case,4
block,HERODOTUS,SCONJ,mark,272
block,HERODOTUS,VERB,acl,137
block,HERODOTUS,VERB,advcl,1069
block,HERODOTUS,VERB,appos,20
block,HERODOTUS,VERB,ccomp,231
block,HERODOTUS,VERB,conj,444
block,HERODOTUS,VERB,csubj,54
block,HERODOTUS,VERB,nmod,163
block,HERODOTUS,VERB,nsubj,30
block,HERODOTUS,VERB,obl,13
block,HERODOTUS,VERB,parataxis,2
block,HERODOTUS,VERB,root,988
block,HERODOTUS,VERB,vocative,1
block,HERODOTUS,VERB,xcomp,262
block,HERODOTUS,X,nmod,3
block,HERODOTUS,X,root,1
block,HERODOTUS,X,xcomp,1
block,HESIODIC_TRADITION,ADJ,advcl,8
block,HESIODIC_TRADITION,ADJ,advmod,110
block,HESIODIC_TRADITION,ADJ,amod,83
block,HESIODIC_TRADITION,ADJ,appos,4
block,HESIODIC_TRADITION,ADJ,conj,57
block,HESIODIC_TRADITION,ADJ,iobj,6
block,HESIODIC_TRADITION,ADJ,nmod,984
block,HESIODIC_TRADITION,ADJ,nsubj,47
block,HESIODIC_TRADITION,ADJ,obj,83
block,HESIODIC_TRADITION,ADJ,obl,37
block,HESIODIC_TRADITION,ADJ,root,15
block,HESIODIC_TRADITION,ADJ,vocative,9
block,HESIODIC_TRADITION,ADJ,xcomp,95
block,HESIODIC_TRADITION,ADP,case,513
block,HESIODIC_TRADITION,ADP,mark,1
block,HESIODIC_TRADITION,ADV,acl,1
block,HESIODIC_TRADITION,ADV,advmod,524
block,HESIODIC_TRADITION,ADV,case,6
block,HESIODIC_TRADITION,ADV,cc,4
block,HESIODIC_TRADITION,ADV,conj,7
block,HESIODIC_TRADITION,ADV,mark,3
block,HESIODIC_TRADITION,ADV,nmod,5
block,HESIODIC_TRADITION,ADV,obj,21
block,HESIODIC_TRADITION,ADV,obl,3
block,HESIODIC_TRADITION,AUX,cop,58
block,HESIODIC_TRADITION,CCONJ,advmod,83
block,HESIODIC_TRADITION,CCONJ,cc,215
block,HESIODIC_TRADITION,CCONJ,mark,15
block,HESIODIC_TRADITION,DET,det,47
block,HESIODIC_TRADITION,INTJ,discourse,6
block,HESIODIC_TRADITION,NOUN,acl,3
block,HESIODIC_TRADITION,NOUN,advcl,1
block,HESIODIC_TRADITION,NOUN,appos,91
block,HESIODIC_TRADITION,NOUN,conj,385
block,HESIODIC_TRADITION,NOUN,iobj,40
block,HESIODIC_TRADITION,NOUN,nmod,420
block,HESIODIC_TRADITION,NOUN,nsubj,450
block,HESIODIC_TRADITION,NOUN,obj,724
block,HESIODIC_TRADITION,NOUN,obl,542
block,HESIODIC_TRADITION,NOUN,root,11
block,HESIODIC_TRADITION,NOUN,vocative,17
block,HESIODIC_TRADITION,NOUN,xcomp,20
block,HESIODIC_TRADITION,NUM,nummod,19
block,HESIODIC_TRADITION,PART,advmod,803
block,HESIODIC_TRADITION,PART,cc,583
block,HESIODIC_TRADITION,PRON,appos,1
block,HESIODIC_TRADITION,PRON,conj,2
block,HESIODIC_TRADITION,PRON,iobj,31
block,HESIODIC_TRADITION,PRON,nmod,54
block,HESIODIC_TRADITION,PRON,nsubj,189
block,HESIODIC_TRADITION,PRON,obj,145
block,HESIODIC_TRADITION,PRON,obl,51
block,HESIODIC_TRADITION,PUNCT,punct,1424
block,HESIODIC_TRADITION,SCONJ,mark,68
block,HESIODIC_TRADITION,VERB,acl,90
block,HESIODIC_TRADITION,VERB,advcl,441
block,HESIODIC_TRADITION,VERB,appos,3
block,HESIODIC_TRADITION,VERB,ccomp,13
block,HESIODIC_TRADITION,VERB,conj,201
block,HESIODIC_TRADITION,VERB,csubj,10
block,HESIODIC_TRADITION,VERB,nmod,70
block,HESIODIC_TRADITION,VERB,nsubj,2
block,HESIODIC_TRADITION,VERB,obl,2
block,HESIODIC_TRADITION,VERB,parataxis,4
block,HESIODIC_TRADITION,VERB,root,712
block,HESIODIC_TRADITION,VERB,xcomp,66
block,HOMERIC_TRADITION,ADJ,advcl,62
block,HOMERIC_TRADITION,ADJ,advmod,695
block,HOMERIC_TRADITION,ADJ,amod,433
block,HOMERIC_TRADITION,ADJ,appos,6
block,HOMERIC_TRADITION,ADJ,conj,192
block,HOMERIC_TRADITION,ADJ,iobj,53
block,HOMERIC_TRADITION,ADJ,nmod,5857
block,HOMERIC_TRADITION,ADJ,nsubj,394
block,HOMERIC_TRADITION,ADJ,obj,581
block,HOMERIC_TRADITION,ADJ,obl,262
block,HOMERIC_TRADITION,ADJ,root,117
block,HOMERIC_TRADITION,ADJ,vocative,79
block,HOMERIC_TRADITION,ADJ,xcomp,888
block,HOMERIC_TRADITION,ADP,case,3928
block,HOMERIC_TRADITION,ADP,mark,2
block,HOMERIC_TRADITION,ADP,obj,2
block,HOMERIC_TRADITION,ADV,acl,1
block,HOMERIC_TRADITION,ADV,advcl,2
block,HOMERIC_TRADITION,ADV,advmod,6099
block,HOMERIC_TRADITION,ADV,case,21
block,HOMERIC_TRADITION,ADV,cc,18
block,HOMERIC_TRADITION,ADV,conj,24
block,HOMERIC_TRADITION,ADV,mark,12
block,HOMERIC_TRADITION,ADV,nmod,22
block,HOMERIC_TRADITION,ADV,obj,270
block,HOMERIC_TRADITION,ADV,obl,6
block,HOMERIC_TRADITION,ADV,root,6
block,HOMERIC_TRADITION,ADV,xcomp,4
block,HOMERIC_TRADITION,AUX,cop,511
block,HOMERIC_TRADITION,CCONJ,advmod,354
block,HOMERIC_TRADITION,CCONJ,cc,1600
block,HOMERIC_TRADITION,CCONJ,mark,254
block,HOMERIC_TRADITION,DET,advmod,1
block,HOMERIC_TRADITION,DET,det,332
block,HOMERIC_TRADITION,INTJ,discourse,102
block,HOMERIC_TRADITION,INTJ,vocative,11
block,HOMERIC_TRADITION,NOUN,acl,21
block,HOMERIC_TRADITION,NOUN,advcl,23
block,HOMERIC_TRADITION,NOUN,appos,43
block,HOMERIC_TRADITION,NOUN,case,1
block,HOMERIC_TRADITION,NOUN,conj,1119
block,HOMERIC_TRADITION,NOUN,iobj,329
block,HOMERIC_TRADITION,NOUN,nmod,2634
block,HOMERIC_TRADITION,NOUN,nsubj,3703
block,HOMERIC_TRADITION,NOUN,obj,5242
block,HOMERIC_TRADITION,NOUN,obl,3890
block,HOMERIC_TRADITION,NOUN,root,49
block,HOMERIC_TRADITION,NOUN,vocative,368
block,HOMERIC_TRADITION,NOUN,xcomp,117
block,HOMERIC_TRADITION,NUM,advcl,1
block,HOMERIC_TRADITION,NUM,conj,3
block,HOMERIC_TRADITION,NUM,nsubj,2
block,HOMERIC_TRADITION,NUM,nummod,97
block,HOMERIC_TRADITION,NUM,obj,2
block,HOMERIC_TRADITION,NUM,obl,1
block,HOMERIC_TRADITION,NUM,root,1
block,HOMERIC_TRADITION,NUM,xcomp,1
block,HOMERIC_TRADITION,PART,advmod,6024
block,HOMERIC_TRADITION,PART,case,1
block,HOMERIC_TRADITION,PART,cc,3849
block,HOMERIC_TRADITION,PART,mark,9
block,HOMERIC_TRADITION,PART,obj,1
block,HOMERIC_TRADITION,PRON,acl,2
block,HOMERIC_TRADITION,PRON,advcl,1
block,HOMERIC_TRADITION,PRON,appos,6
block,HOMERIC_TRADITION,PRON,conj,23
block,HOMERIC_TRADITION,PRON,iobj,300
block,HOMERIC_TRADITION,PRON,nmod,490
block,HOMERIC_TRADITION,PRON,nsubj,1886
block,HOMERIC_TRADITION,PRON,obj,1807
block,HOMERIC_TRADITION,PRON,obl,752
block,HOMERIC_TRADITION,PRON,root,8
block,HOMERIC_TRADITION,PRON,vocative,4
block,HOMERIC_TRADITION,PRON,xcomp,3
block,HOMERIC_TRADITION,PUNCT,punct,10275
block,HOMERIC_TRADITION,SCONJ,cc,16
block,HOMERIC_TRADITION,SCONJ,mark,725
block,HOMERIC_TRADITION,VERB,acl,626
block,HOMERIC_TRADITION,VERB,advcl,3699
block,HOMERIC_TRADITION,VERB,appos,19
block,HOMERIC_TRADITION,VERB,ccomp,309
block,HOMERIC_TRADITION,VERB,conj,2824
block,HOMERIC_TRADITION,VERB,csubj,59
block,HOMERIC_TRADITION,VERB,nmod,315
block,HOMERIC_TRADITION,VERB,nsubj,5
block,HOMERIC_TRADITION,VERB,obl,2
block,HOMERIC_TRADITION,VERB,parataxis,18
block,HOMERIC_TRADITION,VERB,root,5985
block,HOMERIC_TRADITION,VERB,vocative,8
block,HOMERIC_TRADITION,VERB,xcomp,1036
block,HOMERIC_TRADITION,X,nmod,6
block,HOMERIC_TRADITION,X,nsubj,3
block,HOMERIC_TRADITION,X,obj,3
block,HOMERIC_TRADITION,X,root,3
block,HOMERIC_TRADITION,X,vocative,1
block,PLUTARCH,ADJ,advcl,14
block,PLUTARCH,ADJ,advmod,74
block,PLUTARCH,ADJ,amod,63
block,PLUTARCH,ADJ,conj,75
block,PLUTARCH,ADJ,iobj,11
block,PLUTARCH,ADJ,nmod,307
block,PLUTARCH,ADJ,nsubj,57
block,PLUTARCH,ADJ,obj,90
block,PLUTARCH,ADJ,obl,31
block,PLUTARCH,ADJ,parataxis,1
block,PLUTARCH,ADJ,root,33
block,PLUTARCH,ADJ,vocative,1
block,PLUTARCH,ADJ,xcomp,75
block,PLUTARCH,ADP,case,548
block,PLUTARCH,ADP,mark,2
block,PLUTARCH,ADV,advcl,1
block,PLUTARCH,ADV,advmod,1221
block,PLUTARCH,ADV,cc,1
block,PLUTARCH,ADV,conj,17
block,PLUTARCH,ADV,nmod,18
block,PLUTARCH,ADV,nsubj,1
block,PLUTARCH,AUX,cop,117
block,PLUTARCH,CCONJ,advmod,2
block,PLUTARCH,CCONJ,case,1
block,PLUTARCH,CCONJ,cc,499
block,PLUTARCH,CCONJ,mark,11
block,PLUTARCH,DET,advmod,1
block,PLUTARCH,DET,det,1278
block,PLUTARCH,INTJ,discourse,7
block,PLUTARCH,NOUN,acl,2
block,PLUTARCH,NOUN,advcl,11
block,PLUTARCH,NOUN,appos,5
block,PLUTARCH,NOUN,conj,163
block,PLUTARCH,NOUN,iobj,35
block,PLUTARCH,NOUN,nmod,297
block,PLUTARCH,NOUN,nsubj,393
block,PLUTARCH,NOUN,obj,491
block,PLUTARCH,NOUN,obl,435
block,PLUTARCH,NOUN,root,10
block,PLUTARCH,NOUN,vocative,7
block,PLUTARCH,NOUN,xcomp,63
block,PLUTARCH,NUM,advcl,1
block,PLUTARCH,NUM,conj,2
block,PLUTARCH,NUM,nsubj,1
block,PLUTARCH,NUM,nummod,16
block,PLUTARCH,NUM,obl,1
block,PLUTARCH,PRON,acl,1
block,PLUTARCH,PRON,advcl,1
block,PLUTARCH,PRON,conj,7
block,PLUTARCH,PRON,iobj,30
block,PLUTARCH,PRON,nmod,60
block,PLUTARCH,PRON,nsubj,100
block,PLUTARCH,PRON,obj,136
block,PLUTARCH,PRON,obl,108
block,PLUTARCH,PRON,root,1
block,PLUTARCH,PRON,xcomp,15
block,PLUTARCH,PUNCT,punct,1087
block,PLUTARCH,SCONJ,case,2
block,PLUTARCH,SCONJ,mark,130
block,PLUTARCH,VERB,acl,50
block,PLUTARCH,VERB,advcl,526
block,PLUTARCH,VERB,appos,3
block,PLUTARCH,VERB,ccomp,115
block,PLUTARCH,VERB,conj,271
block,PLUTARCH,VERB,csubj,46
block,PLUTARCH,VERB,nmod,113
block,PLUTARCH,VERB,nsubj,28
block,PLUTARCH,VERB,obl,20
block,PLUTARCH,VERB,root,455
block,PLUTARCH,VERB,vocative,1
block,PLUTARCH,VERB,xcomp,191
block,THUCYDIDES,ADJ,advcl,19
block,THUCYDIDES,ADJ,advmod,133
block,THUCYDIDES,ADJ,amod,67
block,THUCYDIDES,ADJ,appos,4
block,THUCYDIDES,ADJ,conj,62
block,THUCYDIDES,ADJ,iobj,1
block,THUCYDIDES,ADJ,nmod,325
block,THUCYDIDES,ADJ,nsubj,62
block,THUCYDIDES,ADJ,obj,87
block,THUCYDIDES,ADJ,obl,72
block,THUCYDIDES,ADJ,root,21
block,THUCYDIDES,ADJ,xcomp,88
block,THUCYDIDES,ADP,case,683
block,THUCYDIDES,ADP,nmod,3
block,THUCYDIDES,ADP,obj,1
block,THUCYDIDES,ADV,advmod,1440
block,THUCYDIDES,ADV,cc,2
block,THUCYDIDES,ADV,conj,6
block,THUCYDIDES,ADV,nmod,24
block,THUCYDIDES,ADV,nsubj,1
block,THUCYDIDES,ADV,obj,2
block,THUCYDIDES,ADV,obl,1
block,THUCYDIDES,ADV,root,1
block,THUCYDIDES,ADV,xcomp,1
block,THUCYDIDES,AUX,cop,135
block,THUCYDIDES,CCONJ,advmod,1
block,THUCYDIDES,CCONJ,cc,468
block,THUCYDIDES,CCONJ,mark,31
block,THUCYDIDES,DET,advmod,1
block,THUCYDIDES,DET,det,1198
block,THUCYDIDES,INTJ,discourse,8
block,THUCYDIDES,NOUN,acl,10
block,THUCYDIDES,NOUN,advcl,6
block,THUCYDIDES,NOUN,appos,6
block,THUCYDIDES,NOUN,conj,154
block,THUCYDIDES,NOUN,iobj,19
block,THUCYDIDES,NOUN,nmod,354
block,THUCYDIDES,NOUN,nsubj,352
block,THUCYDIDES,NOUN,obj,415
block,THUCYDIDES,NOUN,obl,467
block,THUCYDIDES,NOUN,root,15
block,THUCYDIDES,NOUN,vocative,7
block,THUCYDIDES,NOUN,xcomp,38
block,THUCYDIDES,PRON,advcl,1
block,THUCYDIDES,PRON,appos,1
block,THUCYDIDES,PRON,conj,9
block,THUCYDIDES,PRON,iobj,25
block,THUCYDIDES,PRON,nmod,96
block,THUCYDIDES,PRON,nsubj,144
block,THUCYDIDES,PRON,obj,208
block,THUCYDIDES,PRON,obl,167
block,THUCYDIDES,PRON,root,2
block,THUCYDIDES,PRON,xcomp,7
block,THUCYDIDES,PUNCT,punct,1035
block,THUCYDIDES,SCONJ,mark,155
block,THUCYDIDES,VERB,acl,88
block,THUCYDIDES,VERB,advcl,499
block,THUCYDIDES,VERB,appos,4
block,THUCYDIDES,VERB,ccomp,76
block,THUCYDIDES,VERB,conj,275
block,THUCYDIDES,VERB,csubj,48
block,THUCYDIDES,VERB,nmod,86
block,THUCYDIDES,VERB,nsubj,14
block,THUCYDIDES,VERB,obl,13
block,THUCYDIDES,VERB,parataxis,1
block,THUCYDIDES,VERB,root,493
block,THUCYDIDES,VERB,xcomp,158
regime,HEX,ADJ,advcl,70
regime,HEX,ADJ,advmod,805
regime,HEX,ADJ,amod,516
regime,HEX,ADJ,appos,10
regime,HEX,ADJ,conj,249
regime,HEX,ADJ,iobj,59
regime,HEX,ADJ,nmod,6841
regime,HEX,ADJ,nsubj,441
regime,HEX,ADJ,obj,664
regime,HEX,ADJ,obl,299
regime,HEX,ADJ,root,132
regime,HEX,ADJ,vocative,88
regime,HEX,ADJ,xcomp,983
regime,HEX,ADP,case,4441
regime,HEX,ADP,mark,3
regime,HEX,ADP,obj,2
regime,HEX,ADV,acl,2
regime,HEX,ADV,advcl,2
regime,HEX,ADV,advmod,6623
regime,HEX,ADV,case,27
regime,HEX,ADV,cc,22
regime,HEX,ADV,conj,31
regime,HEX,ADV,mark,15
regime,HEX,ADV,nmod,27
regime,HEX,ADV,obj,291
regime,HEX,ADV,obl,9
regime,HEX,ADV,root,6
regime,HEX,ADV,xcomp,4
regime,HEX,AUX,cop,569
regime,HEX,CCONJ,advmod,437
regime,HEX,CCONJ,cc,1815
regime,HEX,CCONJ,mark,269
regime,HEX,DET,advmod,1
regime,HEX,DET,det,379
regime,HEX,INTJ,discourse,108
regime,HEX,INTJ,vocative,11
regime,HEX,NOUN,acl,24
regime,HEX,NOUN,advcl,24
regime,HEX,NOUN,appos,134
regime,HEX,NOUN,case,1
regime,HEX,NOUN,conj,1504
regime,HEX,NOUN,iobj,369
regime,HEX,NOUN,nmod,3054
regime,HEX,NOUN,nsubj,4153
regime,HEX,NOUN,obj,5966
regime,HEX,NOUN,obl,4432
regime,HEX,NOUN,root,60
regime,HEX,NOUN,vocative,385
regime,HEX,NOUN,xcomp,137
regime,HEX,NUM,advcl,1
regime,HEX,NUM,conj,3
regime,HEX,NUM,nsubj,2
regime,HEX,NUM,nummod,116
regime,HEX,NUM,obj,2
regime,HEX,NUM,obl,1
regime,HEX,NUM,root,1
regime,HEX,NUM,xcomp,1
regime,HEX,PART,advmod,6827
regime,HEX,PART,case,1
regime,HEX,PART,cc,4432
regime,HEX,PART,mark,9
regime,HEX,PART,obj,1
regime,HEX,PRON,acl,2
regime,HEX,PRON,advcl,1
regime,HEX,PRON,appos,7
regime,HEX,PRON,conj,25
regime,HEX,PRON,iobj,331
regime,HEX,PRON,nmod,544
regime,HEX,PRON,nsubj,2075
regime,HEX,PRON,obj,1952
regime,HEX,PRON,obl,803
regime,HEX,PRON,root,8
regime,HEX,PRON,vocative,4
regime,HEX,PRON,xcomp,3
regime,HEX,PUNCT,punct,11699
regime,HEX,SCONJ,cc,16
regime,HEX,SCONJ,mark,793
regime,HEX,VERB,acl,716
regime,HEX,VERB,advcl,4140
regime,HEX,VERB,appos,22
regime,HEX,VERB,ccomp,322
regime,HEX,VERB,conj,3025
regime,HEX,VERB,csubj,69
regime,HEX,VERB,nmod,385
regime,HEX,VERB,nsubj,7
regime,HEX,VERB,obl,4
regime,HEX,VERB,parataxis,22
regime,HEX,VERB,root,6697
regime,HEX,VERB,vocative,8
regime,HEX,VERB,xcomp,1102
regime,HEX,X,nmod,6
regime,HEX,X,nsubj,3
regime,HEX,X,obj,3
regime,HEX,X,root,3
regime,HEX,X,vocative,1
regime,OTHER_VERSE,ADJ,advcl,19
regime,OTHER_VERSE,ADJ,advmod,225
regime,OTHER_VERSE,ADJ,amod,174
regime,OTHER_VERSE,ADJ,appos,8
regime,OTHER_VERSE,ADJ,conj,90
regime,OTHER_VERSE,ADJ,iobj,17
regime,OTHER_VERSE,ADJ,nmod,1435
regime,OTHER_VERSE,ADJ,nsubj,209
regime,OTHER_VERSE,ADJ,obj,511
regime,OTHER_VERSE,ADJ,obl,115
regime,OTHER_VERSE,ADJ,parataxis,1
regime,OTHER_VERSE,ADJ,root,69
regime,OTHER_VERSE,ADJ,vocative,72
regime,OTHER_VERSE,ADJ,xcomp,410
regime,OTHER_VERSE,ADP,advcl,1
regime,OTHER_VERSE,ADP,case,827
regime,OTHER_VERSE,ADP,cc,4
regime,OTHER_VERSE,ADP,conj,1
regime,OTHER_VERSE,ADP,mark,4
regime,OTHER_VERSE,ADP,nmod,3
regime,OTHER_VERSE,ADP,nsubj,1
regime,OTHER_VERSE,ADP,obj,3
regime,OTHER_VERSE,ADP,root,10
regime,OTHER_VERSE,ADV,advmod,1688
regime,OTHER_VERSE,ADV,case,23
regime,OTHER_VERSE,ADV,cc,23
regime,OTHER_VERSE,ADV,conj,7
regime,OTHER_VERSE,ADV,mark,49
regime,OTHER_VERSE,ADV,nmod,48
regime,OTHER_VERSE,ADV,nsubj,3
regime,OTHER_VERSE,ADV,obj,102
regime,OTHER_VERSE,ADV,root,2
regime,OTHER_VERSE,ADV,vocative,4
regime,OTHER_VERSE,ADV,xcomp,2
regime,OTHER_VERSE,AUX,aux,11
regime,OTHER_VERSE,AUX,cop,229
regime,OTHER_VERSE,CCONJ,advmod,472
regime,OTHER_VERSE,CCONJ,cc,338
regime,OTHER_VERSE,CCONJ,mark,35
regime,OTHER_VERSE,DET,advmod,4
regime,OTHER_VERSE,DET,det,886
regime,OTHER_VERSE,INTJ,discourse,176
regime,OTHER_VERSE,INTJ,vocative,37
regime,OTHER_VERSE,NOUN,acl,2
regime,OTHER_VERSE,NOUN,advcl,16
regime,OTHER_VERSE,NOUN,appos,37
regime,OTHER_VERSE,NOUN,case,7
regime,OTHER_VERSE,NOUN,conj,177
regime,OTHER_VERSE,NOUN,iobj,65
regime,OTHER_VERSE,NOUN,nmod,700
regime,OTHER_VERSE,NOUN,nsubj,613
regime,OTHER_VERSE,NOUN,obj,1256
regime,OTHER_VERSE,NOUN,obl,824
regime,OTHER_VERSE,NOUN,root,29
regime,OTHER_VERSE,NOUN,vocative,249
regime,OTHER_VERSE,NOUN,xcomp,120
regime,OTHER_VERSE,NUM,advcl,1
regime,OTHER_VERSE,NUM,nsubj,1
regime,OTHER_VERSE,NUM,nummod,15
regime,OTHER_VERSE,NUM,obj,1
regime,OTHER_VERSE,NUM,obl,1
regime,OTHER_VERSE,NUM,root,1
regime,OTHER_VERSE,NUM,xcomp,1
regime,OTHER_VERSE,PART,advmod,1934
regime,OTHER_VERSE,PART,cc,419
regime,OTHER_VERSE,PART,mark,1
regime,OTHER_VERSE,PART,nmod,1
regime,OTHER_VERSE,PART,obj,1
regime,OTHER_VERSE,PART,vocative,1
regime,OTHER_VERSE,PRON,acl,2
regime,OTHER_VERSE,PRON,appos,1
regime,OTHER_VERSE,PRON,conj,27
regime,OTHER_VERSE,PRON,iobj,111
regime,OTHER_VERSE,PRON,nmod,469
regime,OTHER_VERSE,PRON,nsubj,562
regime,OTHER_VERSE,PRON,obj,757
regime,OTHER_VERSE,PRON,obl,365
regime,OTHER_VERSE,PRON,parataxis,2
regime,OTHER_VERSE,PRON,root,17
regime,OTHER_VERSE,PRON,vocative,18
regime,OTHER_VERSE,PRON,xcomp,9
regime,OTHER_VERSE,PUNCT,punct,4373
regime,OTHER_VERSE,SCONJ,case,6
regime,OTHER_VERSE,SCONJ,mark,412
regime,OTHER_VERSE,SCONJ,nmod,1
regime,OTHER_VERSE,VERB,acl,204
regime,OTHER_VERSE,VERB,advcl,1141
regime,OTHER_VERSE,VERB,appos,37
regime,OTHER_VERSE,VERB,case,1
regime,OTHER_VERSE,VERB,ccomp,216
regime,OTHER_VERSE,VERB,conj,386
regime,OTHER_VERSE,VERB,csubj,137
regime,OTHER_VERSE,VERB,nmod,140
regime,OTHER_VERSE,VERB,nsubj,24
regime,OTHER_VERSE,VERB,obl,5
regime,OTHER_VERSE,VERB,parataxis,62
regime,OTHER_VERSE,VERB,root,2396
regime,OTHER_VERSE,VERB,vocative,4
regime,OTHER_VERSE,VERB,xcomp,503
regime,OTHER_VERSE,X,conj,1
regime,OTHER_VERSE,X,nmod,1
regime,OTHER_VERSE,X,obj,1
regime,OTHER_VERSE,X,root,2
regime,OTHER_VERSE,X,vocative,1
regime,PROSE_CLASS,ADJ,advcl,49
regime,PROSE_CLASS,ADJ,advmod,274
regime,PROSE_CLASS,ADJ,amod,183
regime,PROSE_CLASS,ADJ,appos,8
regime,PROSE_CLASS,ADJ,conj,151
regime,PROSE_CLASS,ADJ,iobj,8
regime,PROSE_CLASS,ADJ,nmod,1150
regime,PROSE_CLASS,ADJ,nsubj,161
regime,PROSE_CLASS,ADJ,obj,241
regime,PROSE_CLASS,ADJ,obl,121
regime,PROSE_CLASS,ADJ,root,70
regime,PROSE_CLASS,ADJ,vocative,1
regime,PROSE_CLASS,ADJ,xcomp,199
regime,PROSE_CLASS,ADP,case,1688
regime,PROSE_CLASS,ADP,nmod,3
regime,PROSE_CLASS,ADP,obj,1
regime,PROSE_CLASS,ADV,advcl,1
regime,PROSE_CLASS,ADV,advmod,3894
regime,PROSE_CLASS,ADV,cc,3
regime,PROSE_CLASS,ADV,conj,7
regime,PROSE_CLASS,ADV,nmod,34
regime,PROSE_CLASS,ADV,nsubj,3
regime,PROSE_CLASS,ADV,obj,5
regime,PROSE_CLASS,ADV,obl,1
regime,PROSE_CLASS,ADV,root,8
regime,PROSE_CLASS,ADV,xcomp,9
regime,PROSE_CLASS,AUX,cop,503
regime,PROSE_CLASS,CCONJ,advmod,3
regime,PROSE_CLASS,CCONJ,cc,1182
regime,PROSE_CLASS,CCONJ,mark,94
regime,PROSE_CLASS,DET,advmod,7
regime,PROSE_CLASS,DET,det,3359
regime,PROSE_CLASS,INTJ,discourse,39
regime,PROSE_CLASS,NOUN,acl,34
regime,PROSE_CLASS,NOUN,advcl,16
regime,PROSE_CLASS,NOUN,appos,18
regime,PROSE_CLASS,NOUN,conj,363
regime,PROSE_CLASS,NOUN,iobj,73
regime,PROSE_CLASS,NOUN,nmod,952
regime,PROSE_CLASS,NOUN,nsubj,1203
regime,PROSE_CLASS,NOUN,obj,1277
regime,PROSE_CLASS,NOUN,obl,1342
regime,PROSE_CLASS,NOUN,root,52
regime,PROSE_CLASS,NOUN,vocative,53
regime,PROSE_CLASS,NOUN,xcomp,135
regime,PROSE_CLASS,NUM,conj,5
regime,PROSE_CLASS,NUM,nummod,40
regime,PROSE_CLASS,PRON,acl,8
regime,PROSE_CLASS,PRON,advcl,5
regime,PROSE_CLASS,PRON,appos,3
regime,PROSE_CLASS,PRON,conj,30
regime,PROSE_CLASS,PRON,iobj,123
regime,PROSE_CLASS,PRON,nmod,252
regime,PROSE_CLASS,PRON,nsubj,481
regime,PROSE_CLASS,PRON,obj,732
regime,PROSE_CLASS,PRON,obl,438
regime,PROSE_CLASS,PRON,root,12
regime,PROSE_CLASS,PRON,xcomp,34
regime,PROSE_CLASS,PUNCT,punct,3225
regime,PROSE_CLASS,SCONJ,case,4
regime,PROSE_CLASS,SCONJ,mark,427
regime,PROSE_CLASS,VERB,acl,225
regime,PROSE_CLASS,VERB,advcl,1568
regime,PROSE_CLASS,VERB,appos,24
regime,PROSE_CLASS,VERB,ccomp,307
regime,PROSE_CLASS,VERB,conj,719
regime,PROSE_CLASS,VERB,csubj,102
regime,PROSE_CLASS,VERB,nmod,249
regime,PROSE_CLASS,VERB,nsubj,44
regime,PROSE_CLASS,VERB,obl,26
regime,PROSE_CLASS,VERB,parataxis,3
regime,PROSE_CLASS,VERB,root,1481
regime,PROSE_CLASS,VERB,vocative,1
regime,PROSE_CLASS,VERB,xcomp,420
regime,PROSE_CLASS,X,nmod,3
regime,PROSE_CLASS,X,root,1
regime,PROSE_CLASS,X,xcomp,1
regime,PROSE_POST,ADJ,advcl,61
regime,PROSE_POST,ADJ,advmod,330
regime,PROSE_POST,ADJ,amod,339
regime,PROSE_POST,ADJ,appos,1
regime,PROSE_POST,ADJ,conj,248
regime,PROSE_POST,ADJ,iobj,26
regime,PROSE_POST,ADJ,nmod,2155
regime,PROSE_POST,ADJ,nsubj,229
regime,PROSE_POST,ADJ,obj,394
regime,PROSE_POST,ADJ,obl,210
regime,PROSE_POST,ADJ,parataxis,2
regime,PROSE_POST,ADJ,root,116
regime,PROSE_POST,ADJ,vocative,12
regime,PROSE_POST,ADJ,xcomp,375
regime,PROSE_POST,ADP,case,3643
regime,PROSE_POST,ADP,mark,12
regime,PROSE_POST,ADP,nmod,1
regime,PROSE_POST,ADP,obj,1
regime,PROSE_POST,ADV,advcl,4
regime,PROSE_POST,ADV,advmod,5933
regime,PROSE_POST,ADV,case,2
regime,PROSE_POST,ADV,cc,7
regime,PROSE_POST,ADV,conj,25
regime,PROSE_POST,ADV,nmod,53
regime,PROSE_POST,ADV,nsubj,1
regime,PROSE_POST,ADV,obj,8
regime,PROSE_POST,ADV,obl,2
regime,PROSE_POST,ADV,root,3
regime,PROSE_POST,ADV,xcomp,4
regime,PROSE_POST,AUX,conj,1
regime,PROSE_POST,AUX,cop,562
regime,PROSE_POST,CCONJ,advmod,7
regime,PROSE_POST,CCONJ,case,3
regime,PROSE_POST,CCONJ,cc,1981
regime,PROSE_POST,CCONJ,conj,1
regime,PROSE_POST,CCONJ,mark,55
regime,PROSE_POST,CCONJ,nmod,1
regime,PROSE_POST,CCONJ,obj,1
regime,PROSE_POST,CCONJ,obl,1
regime,PROSE_POST,DET,advmod,3
regime,PROSE_POST,DET,det,7188
regime,PROSE_POST,DET,root,1
regime,PROSE_POST,DET,xcomp,3
regime,PROSE_POST,INTJ,discourse,51
regime,PROSE_POST,INTJ,vocative,2
regime,PROSE_POST,NOUN,acl,22
regime,PROSE_POST,NOUN,advcl,30
regime,PROSE_POST,NOUN,appos,48
regime,PROSE_POST,NOUN,case,2
regime,PROSE_POST,NOUN,conj,721
regime,PROSE_POST,NOUN,iobj,141
regime,PROSE_POST,NOUN,nmod,2211
regime,PROSE_POST,NOUN,nsubj,2354
regime,PROSE_POST,NOUN,nsubj:outer,1
regime,PROSE_POST,NOUN,obj,2661
regime,PROSE_POST,NOUN,obl,2773
regime,PROSE_POST,NOUN,orphan,2
regime,PROSE_POST,NOUN,root,74
regime,PROSE_POST,NOUN,vocative,84
regime,PROSE_POST,NOUN,xcomp,272
regime,PROSE_POST,NUM,advcl,1
regime,PROSE_POST,NUM,conj,4
regime,PROSE_POST,NUM,nsubj,1
regime,PROSE_POST,NUM,nummod,30
regime,PROSE_POST,NUM,obl,1
regime,PROSE_POST,PRON,acl,7
regime,PROSE_POST,PRON,advcl,4
regime,PROSE_POST,PRON,conj,26
regime,PROSE_POST,PRON,iobj,127
regime,PROSE_POST,PRON,nmod,361
regime,PROSE_POST,PRON,nsubj,553
regime,PROSE_POST,PRON,obj,697
regime,PROSE_POST,PRON,obl,578
regime,PROSE_POST,PRON,root,17
regime,PROSE_POST,PRON,vocative,5
regime,PROSE_POST,PRON,xcomp,45
regime,PROSE_POST,PUNCT,punct,5666
regime,PROSE_POST,SCONJ,case,7
regime,PROSE_POST,SCONJ,mark,632
regime,PROSE_POST,SCONJ,xcomp,1
regime,PROSE_POST,VERB,acl,245
regime,PROSE_POST,VERB,advcl,2521
regime,PROSE_POST,VERB,appos,15
regime,PROSE_POST,VERB,ccomp,539
regime,PROSE_POST,VERB,conj,1167
regime,PROSE_POST,VERB,csubj,145
regime,PROSE_POST,VERB,nmod,601
regime,PROSE_POST,VERB,nsubj,97
regime,PROSE_POST,VERB,obl,79
regime,PROSE_POST,VERB,parataxis,10
regime,PROSE_POST,VERB,root,2651
regime,PROSE_POST,VERB,vocative,4
regime,PROSE_POST,VERB,xcomp,818
regime,PROSE_POST,X,nmod,1
regime,PROSE_POST,X,obj,1
regime,PROSE_POST,X,obl,3
