variant,level,unit,raw,sentences,kept,eligible,retention,eligible_fraction,empty,without_target,length_counts
ud23,document,tlg0003.tlg001.perseus-grc1.1.tb.xml,10396,532,9346,7227,0.8989996152366295,0.7732719880162636,0,9,"{""10"": 24, ""104"": 1, ""11"": 30, ""12"": 35, ""13"": 17, ""14"": 27, ""15"": 33, ""16"": 26, ""17"": 28, ""18"": 22, ""19"": 19, ""2"": 3, ""20"": 13, ""21"": 16, ""22"": 23, ""23"": 13, ""24"": 9, ""25"": 8, ""26"": 6, ""27"": 13, ""28"": 6, ""29"": 7, ""3"": 3, ""30"": 8, ""31"": 5, ""32"": 2, ""33"": 6, ""34"": 4, ""35"": 3, ""36"": 4, ""37"": 4, ""38"": 3, ""39"": 1, ""4"": 3, ""40"": 3, ""42"": 1, ""43"": 1, ""44"": 1, ""45"": 1, ""46"": 2, ""47"": 3, ""5"": 21, ""50"": 1, ""51"": 1, ""55"": 1, ""57"": 1, ""6"": 13, ""69"": 1, ""7"": 14, ""8"": 24, ""9"": 18}"
ud23,document,tlg0007.tlg004.perseus-grc1.tb.xml,5044,248,4481,3493,0.8883822363203806,0.7795135014505691,0,5,"{""10"": 10, ""11"": 8, ""12"": 10, ""13"": 12, ""14"": 12, ""15"": 12, ""16"": 13, ""17"": 11, ""18"": 3, ""19"": 8, ""20"": 5, ""21"": 9, ""22"": 6, ""23"": 6, ""24"": 4, ""25"": 12, ""26"": 5, ""27"": 2, ""28"": 3, ""29"": 1, ""3"": 4, ""30"": 5, ""31"": 3, ""32"": 4, ""33"": 4, ""34"": 1, ""35"": 5, ""37"": 1, ""38"": 3, ""4"": 1, ""40"": 1, ""44"": 4, ""45"": 1, ""46"": 1, ""47"": 3, ""49"": 1, ""5"": 4, ""50"": 1, ""6"": 11, ""7"": 13, ""8"": 12, ""9"": 13}"
ud23,document,tlg0007.tlg015.perseus-grc1.tb.xml,4943,251,4403,3408,0.8907546024681368,0.7740177151941858,0,13,"{""1"": 1, ""10"": 8, ""11"": 16, ""12"": 15, ""13"": 5, ""14"": 6, ""15"": 10, ""16"": 18, ""17"": 10, ""18"": 11, ""19"": 8, ""2"": 2, ""20"": 7, ""21"": 8, ""22"": 11, ""23"": 8, ""24"": 4, ""25"": 8, ""26"": 6, ""27"": 7, ""28"": 2, ""29"": 2, ""3"": 2, ""30"": 3, ""31"": 3, ""32"": 5, ""33"": 1, ""34"": 1, ""35"": 2, ""37"": 3, ""38"": 2, ""4"": 8, ""40"": 1, ""42"": 1, ""46"": 1, ""47"": 2, ""49"": 1, ""5"": 5, ""6"": 8, ""7"": 6, ""8"": 8, ""85"": 1, ""9"": 14}"
ud23,document,tlg0008.tlg001.perseus-grc1.tb.xml,26245,1630,23133,16691,0.8814250333396837,0.721523364889984,0,95,"{""1"": 6, ""10"": 87, ""11"": 107, ""12"": 90, ""13"": 83, ""14"": 69, ""15"": 71, ""16"": 66, ""17"": 64, ""18"": 44, ""19"": 44, ""2"": 15, ""20"": 41, ""21"": 37, ""22"": 37, ""23"": 28, ""24"": 25, ""25"": 18, ""26"": 20, ""27"": 15, ""28"": 15, ""29"": 15, ""3"": 30, ""30"": 12, ""31"": 15, ""32"": 10, ""33"": 9, ""34"": 7, ""35"": 5, ""36"": 5, ""37"": 3, ""38"": 5, ""39"": 6, ""4"": 44, ""40"": 1, ""41"": 2, ""42"": 3, ""43"": 7, ""44"": 3, ""46"": 1, ""47"": 1, ""48"": 1, ""49"": 1, ""5"": 80, ""50"": 1, ""52"": 1, ""56"": 1, ""6"": 83, ""7"": 93, ""70"": 1, ""8"": 99, ""9"": 103}"
ud23,document,tlg0011.tlg001.perseus-grc2.tb.xml,5229,431,4224,2610,0.8078026391279404,0.6178977272727273,0,91,"{""1"": 7, ""10"": 32, ""11"": 23, ""12"": 24, ""13"": 21, ""14"": 17, ""15"": 9, ""16"": 7, ""17"": 7, ""18"": 4, ""19"": 4, ""2"": 29, ""20"": 3, ""21"": 4, ""22"": 3, ""23"": 3, ""24"": 4, ""25"": 2, ""26"": 2, ""27"": 1, ""28"": 4, ""3"": 31, ""30"": 2, ""32"": 3, ""34"": 1, ""35"": 1, ""38"": 1, ""4"": 24, ""42"": 1, ""44"": 1, ""46"": 1, ""5"": 32, ""6"": 38, ""7"": 28, ""8"": 24, ""9"": 33}"
ud23,document,tlg0011.tlg002.perseus-grc2.tb.xml,4299,391,3573,2076,0.8311235170969993,0.581024349286314,0,68,"{""1"": 9, ""10"": 21, ""11"": 14, ""12"": 19, ""13"": 17, ""14"": 8, ""15"": 9, ""16"": 5, ""17"": 10, ""18"": 6, ""19"": 4, ""2"": 13, ""20"": 4, ""21"": 4, ""22"": 5, ""23"": 6, ""24"": 2, ""25"": 3, ""26"": 1, ""28"": 1, ""29"": 1, ""3"": 14, ""35"": 1, ""4"": 32, ""5"": 38, ""6"": 54, ""7"": 33, ""8"": 37, ""9"": 20}"
ud23,document,tlg0011.tlg003.perseus-grc1.tb.xml,5319,490,4364,2503,0.8204549727392367,0.5735563703024747,0,91,"{""1"": 6, ""10"": 27, ""11"": 28, ""12"": 29, ""13"": 28, ""14"": 10, ""15"": 5, ""16"": 9, ""17"": 6, ""18"": 6, ""19"": 6, ""2"": 25, ""20"": 1, ""21"": 5, ""22"": 3, ""23"": 2, ""24"": 3, ""25"": 4, ""26"": 2, ""27"": 1, ""28"": 1, ""3"": 31, ""30"": 2, ""31"": 1, ""33"": 2, ""4"": 29, ""5"": 48, ""6"": 59, ""7"": 57, ""8"": 26, ""9"": 28}"
ud23,document,tlg0011.tlg004.perseus-grc1.tb.xml,5600,520,4571,2610,0.81625,0.5709910304091008,0,106,"{""1"": 14, ""10"": 20, ""11"": 19, ""12"": 21, ""13"": 27, ""14"": 22, ""15"": 20, ""16"": 3, ""17"": 10, ""18"": 6, ""19"": 2, ""2"": 22, ""20"": 5, ""21"": 1, ""22"": 7, ""23"": 3, ""24"": 1, ""25"": 3, ""26"": 2, ""28"": 1, ""3"": 33, ""30"": 3, ""37"": 1, ""39"": 1, ""4"": 37, ""5"": 57, ""6"": 53, ""7"": 54, ""8"": 36, ""9"": 36}"
ud23,document,tlg0011.tlg005.perseus-grc2.tb.xml,5239,528,4259,2331,0.8129414010307311,0.5473115754872035,0,149,"{""1"": 23, ""10"": 17, ""11"": 23, ""12"": 22, ""13"": 20, ""14"": 15, ""15"": 14, ""16"": 9, ""17"": 8, ""18"": 6, ""19"": 4, ""2"": 38, ""20"": 2, ""21"": 3, ""22"": 2, ""23"": 1, ""24"": 2, ""25"": 2, ""26"": 1, ""27"": 3, ""3"": 39, ""32"": 1, ""4"": 49, ""41"": 1, ""42"": 1, ""5"": 47, ""6"": 48, ""7"": 49, ""8"": 42, ""9"": 36}"
ud23,document,tlg0012.tlg001.perseus-grc1.tb.xml,79890,6003,69327,45515,0.8677806984603831,0.656526317307831,0,334,"{""1"": 15, ""10"": 289, ""11"": 316, ""12"": 323, ""13"": 349, ""14"": 325, ""15"": 287, ""16"": 183, ""17"": 148, ""18"": 115, ""19"": 121, ""2"": 33, ""20"": 96, ""21"": 97, ""22"": 84, ""23"": 74, ""24"": 38, ""25"": 36, ""26"": 39, ""27"": 22, ""28"": 29, ""29"": 35, ""3"": 89, ""30"": 18, ""31"": 20, ""32"": 12, ""33"": 10, ""34"": 8, ""35"": 11, ""36"": 10, ""37"": 4, ""38"": 6, ""39"": 4, ""4"": 197, ""40"": 2, ""41"": 4, ""43"": 2, ""45"": 1, ""46"": 1, ""48"": 2, ""49"": 2, ""5"": 361, ""50"": 1, ""58"": 1, ""6"": 563, ""7"": 684, ""8"": 551, ""9"": 385}"
ud23,document,tlg0013.tlg002.perseus-grc1.tb.xml,2061,166,1761,1119,0.8544395924308588,0.6354344122657581,0,27,"{""10"": 17, ""11"": 12, ""12"": 2, ""13"": 3, ""14"": 3, ""15"": 4, ""16"": 4, ""17"": 4, ""18"": 1, ""19"": 3, ""2"": 9, ""20"": 2, ""21"": 6, ""22"": 3, ""23"": 1, ""24"": 1, ""25"": 3, ""3"": 4, ""30"": 1, ""34"": 1, ""35"": 2, ""37"": 1, ""4"": 14, ""5"": 20, ""57"": 1, ""6"": 14, ""7"": 10, ""8"": 15, ""9"": 5}"
ud23,document,tlg0016.tlg001.perseus-grc1.1.tb.xml,19575,1092,17301,12946,0.8838314176245211,0.7482804462169816,0,32,"{""10"": 54, ""11"": 52, ""12"": 57, ""13"": 50, ""14"": 59, ""15"": 52, ""16"": 50, ""17"": 39, ""18"": 38, ""19"": 31, ""2"": 1, ""20"": 38, ""21"": 36, ""22"": 30, ""23"": 32, ""24"": 25, ""25"": 25, ""26"": 21, ""27"": 17, ""28"": 13, ""29"": 18, ""3"": 11, ""30"": 7, ""31"": 8, ""32"": 4, ""33"": 8, ""34"": 6, ""35"": 7, ""36"": 5, ""37"": 4, ""38"": 4, ""39"": 4, ""4"": 20, ""40"": 3, ""41"": 2, ""42"": 3, ""43"": 1, ""46"": 1, ""48"": 1, ""49"": 1, ""5"": 37, ""53"": 2, ""6"": 51, ""7"": 50, ""8"": 52, ""9"": 62}"
ud23,document,tlg0020.tlg001.perseus-grc1.tb.xml,4610,273,4023,2945,0.8726681127982646,0.7320407655978126,0,13,"{""10"": 11, ""11"": 17, ""118"": 1, ""12"": 16, ""13"": 16, ""14"": 16, ""15"": 10, ""152"": 1, ""16"": 9, ""17"": 11, ""18"": 10, ""19"": 8, ""2"": 4, ""20"": 4, ""21"": 4, ""22"": 9, ""23"": 2, ""24"": 3, ""25"": 4, ""26"": 3, ""27"": 7, ""28"": 2, ""29"": 4, ""3"": 6, ""30"": 1, ""32"": 1, ""33"": 1, ""36"": 1, ""37"": 2, ""4"": 3, ""40"": 1, ""41"": 1, ""42"": 1, ""5"": 15, ""6"": 20, ""62"": 1, ""7"": 13, ""8"": 20, ""9"": 14}"
ud23,document,tlg0020.tlg002.perseus-grc1.tb.xml,3725,283,3189,2077,0.8561073825503356,0.6513013483850737,0,23,"{""10"": 14, ""11"": 6, ""12"": 16, ""13"": 18, ""14"": 12, ""15"": 11, ""16"": 13, ""17"": 6, ""18"": 7, ""19"": 2, ""2"": 7, ""20"": 4, ""21"": 8, ""22"": 4, ""23"": 2, ""24"": 7, ""26"": 3, ""27"": 2, ""29"": 3, ""3"": 6, ""30"": 1, ""31"": 1, ""33"": 1, ""4"": 10, ""5"": 21, ""6"": 35, ""7"": 20, ""8"": 27, ""9"": 16}"
ud23,document,tlg0020.tlg003.perseus-grc1.tb.xml,2403,182,2070,1353,0.8614232209737828,0.6536231884057971,0,14,"{""10"": 10, ""11"": 8, ""12"": 11, ""13"": 9, ""14"": 11, ""15"": 4, ""16"": 4, ""17"": 5, ""18"": 7, ""19"": 1, ""2"": 4, ""20"": 6, ""21"": 1, ""22"": 4, ""23"": 2, ""24"": 1, ""25"": 1, ""28"": 2, ""29"": 2, ""3"": 3, ""30"": 1, ""31"": 1, ""33"": 1, ""37"": 1, ""4"": 7, ""5"": 16, ""6"": 15, ""7"": 18, ""8"": 19, ""9"": 7}"
ud23,document,tlg0060.tlg001.perseus-grc3.11.tb.xml,16882,733,15266,12334,0.9042767444615567,0.8079392113192716,0,4,"{""10"": 15, ""11"": 17, ""12"": 24, ""13"": 42, ""14"": 43, ""15"": 38, ""16"": 48, ""17"": 41, ""18"": 28, ""19"": 33, ""20"": 37, ""21"": 37, ""22"": 39, ""23"": 20, ""24"": 27, ""25"": 23, ""26"": 25, ""27"": 20, ""28"": 11, ""29"": 15, ""30"": 14, ""31"": 15, ""32"": 9, ""33"": 7, ""34"": 6, ""35"": 6, ""36"": 8, ""37"": 9, ""38"": 4, ""39"": 6, ""4"": 4, ""40"": 2, ""41"": 1, ""42"": 3, ""43"": 3, ""44"": 2, ""45"": 2, ""46"": 2, ""47"": 3, ""49"": 2, ""5"": 2, ""50"": 1, ""53"": 1, ""54"": 1, ""56"": 1, ""57"": 1, ""6"": 4, ""61"": 1, ""7"": 4, ""8"": 17, ""9"": 9}"
ud23,document,tlg0085.tlg001.perseus-grc2.tb.xml,1529,166,1284,639,0.8397645519947678,0.4976635514018692,0,28,"{""1"": 1, ""10"": 5, ""11"": 8, ""12"": 5, ""13"": 5, ""14"": 2, ""15"": 2, ""16"": 1, ""17"": 6, ""18"": 1, ""19"": 2, ""2"": 4, ""24"": 1, ""25"": 1, ""3"": 8, ""4"": 15, ""5"": 22, ""6"": 36, ""7"": 19, ""8"": 10, ""9"": 12}"
ud23_oth,document,tlg0003.tlg001.perseus-grc1.1.tb.xml,10396,532,9353,7234,0.899672951135052,0.7734416764674436,0,9,"{""10"": 24, ""104"": 1, ""11"": 30, ""12"": 35, ""13"": 16, ""14"": 28, ""15"": 33, ""16"": 26, ""17"": 28, ""18"": 21, ""19"": 20, ""2"": 3, ""20"": 13, ""21"": 16, ""22"": 21, ""23"": 14, ""24"": 10, ""25"": 8, ""26"": 6, ""27"": 12, ""28"": 7, ""29"": 7, ""3"": 3, ""30"": 8, ""31"": 5, ""32"": 2, ""33"": 6, ""34"": 4, ""35"": 3, ""36"": 4, ""37"": 4, ""38"": 3, ""39"": 1, ""4"": 3, ""40"": 3, ""42"": 1, ""43"": 1, ""44"": 1, ""45"": 1, ""46"": 2, ""47"": 3, ""5"": 21, ""50"": 1, ""51"": 1, ""55"": 1, ""57"": 1, ""6"": 13, ""69"": 1, ""7"": 13, ""8"": 25, ""9"": 18}"
ud23_oth,document,tlg0007.tlg004.perseus-grc1.tb.xml,5044,248,4486,3497,0.8893735130848532,0.7795363352652698,0,5,"{""10"": 10, ""11"": 8, ""12"": 10, ""13"": 12, ""14"": 12, ""15"": 12, ""16"": 13, ""17"": 10, ""18"": 4, ""19"": 8, ""20"": 5, ""21"": 8, ""22"": 7, ""23"": 6, ""24"": 4, ""25"": 12, ""26"": 5, ""27"": 2, ""28"": 3, ""29"": 1, ""3"": 3, ""30"": 5, ""31"": 3, ""32"": 4, ""33"": 4, ""34"": 1, ""35"": 5, ""37"": 1, ""38"": 2, ""39"": 1, ""4"": 2, ""40"": 1, ""44"": 4, ""45"": 1, ""46"": 1, ""47"": 3, ""49"": 1, ""5"": 3, ""50"": 1, ""6"": 12, ""7"": 13, ""8"": 12, ""9"": 13}"
ud23_oth,document,tlg0007.tlg015.perseus-grc1.tb.xml,4943,251,4407,3411,0.8915638276350395,0.773995915588836,0,12,"{""1"": 1, ""10"": 8, ""11"": 16, ""12"": 15, ""13"": 5, ""14"": 6, ""15"": 10, ""16"": 17, ""17"": 11, ""18"": 11, ""19"": 8, ""2"": 2, ""20"": 7, ""21"": 8, ""22"": 11, ""23"": 8, ""24"": 3, ""25"": 9, ""26"": 6, ""27"": 7, ""28"": 2, ""29"": 2, ""3"": 1, ""30"": 3, ""31"": 3, ""32"": 5, ""33"": 1, ""34"": 1, ""35"": 2, ""37"": 3, ""38"": 2, ""4"": 8, ""40"": 1, ""42"": 1, ""46"": 1, ""47"": 2, ""49"": 1, ""5"": 6, ""6"": 8, ""7"": 6, ""8"": 8, ""85"": 1, ""9"": 14}"
ud23_oth,document,tlg0008.tlg001.perseus-grc1.tb.xml,26245,1630,23231,16786,0.8851590779196037,0.7225689811028367,0,92,"{""1"": 5, ""10"": 83, ""11"": 109, ""12"": 94, ""13"": 82, ""14"": 68, ""15"": 69, ""16"": 70, ""17"": 65, ""18"": 45, ""19"": 43, ""2"": 16, ""20"": 41, ""21"": 36, ""22"": 37, ""23"": 31, ""24"": 23, ""25"": 18, ""26"": 22, ""27"": 15, ""28"": 13, ""29"": 15, ""3"": 28, ""30"": 12, ""31"": 17, ""32"": 9, ""33"": 8, ""34"": 8, ""35"": 6, ""36"": 5, ""37"": 3, ""38"": 5, ""39"": 6, ""4"": 43, ""40"": 1, ""41"": 2, ""42"": 3, ""43"": 7, ""44"": 3, ""46"": 1, ""47"": 1, ""48"": 1, ""49"": 1, ""5"": 78, ""50"": 1, ""52"": 1, ""57"": 1, ""6"": 87, ""7"": 85, ""70"": 1, ""8"": 102, ""9"": 104}"
ud23_oth,document,tlg0011.tlg001.perseus-grc2.tb.xml,5229,431,4302,2674,0.8227194492254734,0.6215713621571363,0,84,"{""1"": 7, ""10"": 30, ""11"": 31, ""12"": 20, ""13"": 23, ""14"": 19, ""15"": 11, ""16"": 7, ""17"": 6, ""18"": 3, ""19"": 5, ""2"": 20, ""20"": 4, ""21"": 4, ""22"": 2, ""23"": 3, ""24"": 4, ""25"": 1, ""26"": 4, ""27"": 1, ""28"": 2, ""29"": 2, ""3"": 35, ""30"": 2, ""32"": 2, ""33"": 1, ""34"": 1, ""35"": 1, ""38"": 1, ""4"": 22, ""42"": 1, ""44"": 1, ""46"": 1, ""5"": 35, ""6"": 36, ""7"": 33, ""8"": 23, ""9"": 27}"
ud23_oth,document,tlg0011.tlg002.perseus-grc2.tb.xml,4299,391,3618,2115,0.8415910676901605,0.5845771144278606,0,63,"{""1"": 9, ""10"": 19, ""11"": 11, ""12"": 21, ""13"": 19, ""14"": 7, ""15"": 9, ""16"": 7, ""17"": 8, ""18"": 8, ""19"": 4, ""2"": 10, ""20"": 4, ""21"": 3, ""22"": 4, ""23"": 6, ""24"": 4, ""25"": 3, ""26"": 1, ""28"": 1, ""29"": 1, ""3"": 14, ""35"": 1, ""4"": 30, ""5"": 39, ""6"": 54, ""7"": 36, ""8"": 35, ""9"": 23}"
ud23_oth,document,tlg0011.tlg003.perseus-grc1.tb.xml,5319,490,4428,2558,0.8324873096446701,0.5776874435411021,0,89,"{""1"": 6, ""10"": 25, ""11"": 30, ""12"": 30, ""13"": 27, ""14"": 14, ""15"": 4, ""16"": 8, ""17"": 7, ""18"": 7, ""19"": 5, ""2"": 21, ""20"": 2, ""21"": 3, ""22"": 3, ""23"": 4, ""24"": 3, ""25"": 4, ""26"": 2, ""27"": 1, ""29"": 1, ""3"": 30, ""30"": 2, ""31"": 1, ""33"": 1, ""34"": 1, ""4"": 32, ""5"": 40, ""6"": 62, ""7"": 60, ""8"": 30, ""9"": 24}"
ud23_oth,document,tlg0011.tlg004.perseus-grc1.tb.xml,5600,520,4648,2680,0.83,0.576592082616179,0,98,"{""1"": 12, ""10"": 19, ""11"": 20, ""12"": 19, ""13"": 30, ""14"": 20, ""15"": 20, ""16"": 5, ""17"": 12, ""18"": 4, ""19"": 4, ""2"": 22, ""20"": 4, ""21"": 1, ""22"": 6, ""23"": 5, ""25"": 3, ""26"": 2, ""27"": 1, ""28"": 1, ""3"": 32, ""30"": 3, ""37"": 1, ""4"": 32, ""41"": 1, ""5"": 59, ""6"": 49, ""7"": 56, ""8"": 44, ""9"": 33}"
ud23_oth,document,tlg0011.tlg005.perseus-grc2.tb.xml,5239,528,4334,2389,0.8272571101355221,0.5512228887863405,0,141,"{""1"": 20, ""10"": 24, ""11"": 22, ""12"": 25, ""13"": 18, ""14"": 16, ""15"": 15, ""16"": 7, ""17"": 9, ""18"": 7, ""19"": 4, ""2"": 31, ""20"": 3, ""21"": 2, ""22"": 3, ""23"": 1, ""25"": 4, ""26"": 1, ""27"": 3, ""3"": 45, ""32"": 1, ""4"": 45, ""41"": 1, ""42"": 1, ""5"": 50, ""6"": 50, ""7"": 47, ""8"": 44, ""9"": 29}"
ud23_oth,document,tlg0012.tlg001.perseus-grc1.tb.xml,79890,6003,69770,45927,0.8733258230066341,0.6582628636949979,0,307,"{""1"": 11, ""10"": 297, ""11"": 310, ""12"": 315, ""13"": 345, ""14"": 336, ""15"": 283, ""16"": 192, ""17"": 154, ""18"": 115, ""19"": 115, ""2"": 24, ""20"": 98, ""21"": 101, ""22"": 88, ""23"": 69, ""24"": 44, ""25"": 34, ""26"": 40, ""27"": 24, ""28"": 24, ""29"": 40, ""3"": 88, ""30"": 18, ""31"": 20, ""32"": 11, ""33"": 11, ""34"": 8, ""35"": 10, ""36"": 11, ""37"": 5, ""38"": 4, ""39"": 6, ""4"": 184, ""40"": 2, ""41"": 3, ""43"": 3, ""45"": 1, ""46"": 1, ""48"": 1, ""49"": 1, ""5"": 349, ""50"": 3, ""58"": 1, ""6"": 564, ""7"": 691, ""8"": 548, ""9"": 400}"
ud23_oth,document,tlg0013.tlg002.perseus-grc1.tb.xml,2061,166,1777,1135,0.8622028141678797,0.638716938660664,0,25,"{""10"": 18, ""11"": 9, ""12"": 5, ""13"": 3, ""14"": 2, ""15"": 5, ""16"": 3, ""17"": 3, ""18"": 3, ""19"": 3, ""2"": 9, ""20"": 2, ""21"": 6, ""22"": 3, ""23"": 1, ""25"": 4, ""3"": 4, ""30"": 1, ""35"": 2, ""36"": 1, ""37"": 1, ""4"": 12, ""5"": 21, ""57"": 1, ""6"": 14, ""7"": 10, ""8"": 16, ""9"": 4}"
ud23_oth,document,tlg0016.tlg001.perseus-grc1.1.tb.xml,19575,1092,17349,12994,0.8862835249042146,0.748976886275866,0,32,"{""10"": 52, ""11"": 52, ""12"": 54, ""13"": 55, ""14"": 56, ""15"": 53, ""16"": 46, ""17"": 43, ""18"": 40, ""19"": 31, ""2"": 1, ""20"": 38, ""21"": 35, ""22"": 27, ""23"": 33, ""24"": 26, ""25"": 27, ""26"": 19, ""27"": 17, ""28"": 13, ""29"": 17, ""3"": 11, ""30"": 10, ""31"": 8, ""32"": 4, ""33"": 8, ""34"": 5, ""35"": 8, ""36"": 5, ""37"": 4, ""38"": 4, ""39"": 4, ""4"": 20, ""40"": 3, ""41"": 2, ""42"": 3, ""43"": 1, ""46"": 1, ""48"": 1, ""49"": 1, ""5"": 35, ""53"": 2, ""6"": 50, ""7"": 52, ""8"": 53, ""9"": 62}"
ud23_oth,document,tlg0020.tlg001.perseus-grc1.tb.xml,4610,273,4034,2955,0.8750542299349241,0.7325235498264749,0,13,"{""10"": 10, ""11"": 17, ""118"": 1, ""12"": 17, ""13"": 16, ""14"": 14, ""15"": 11, ""152"": 1, ""16"": 9, ""17"": 11, ""18"": 11, ""19"": 8, ""2"": 4, ""20"": 4, ""21"": 4, ""22"": 9, ""23"": 2, ""24"": 3, ""25"": 4, ""26"": 3, ""27"": 7, ""28"": 2, ""29"": 4, ""3"": 5, ""30"": 1, ""32"": 1, ""33"": 1, ""36"": 1, ""37"": 2, ""4"": 4, ""40"": 1, ""41"": 1, ""42"": 1, ""5"": 15, ""6"": 19, ""62"": 1, ""7"": 13, ""8"": 20, ""9"": 15}"
ud23_oth,document,tlg0020.tlg002.perseus-grc1.tb.xml,3725,283,3197,2084,0.858255033557047,0.6518611197998123,0,23,"{""10"": 13, ""11"": 6, ""12"": 17, ""13"": 18, ""14"": 12, ""15"": 11, ""16"": 13, ""17"": 6, ""18"": 7, ""19"": 2, ""2"": 6, ""20"": 4, ""21"": 8, ""22"": 4, ""23"": 1, ""24"": 8, ""26"": 3, ""27"": 2, ""29"": 3, ""3"": 7, ""30"": 1, ""32"": 1, ""33"": 1, ""4"": 10, ""5"": 20, ""6"": 36, ""7"": 19, ""8"": 27, ""9"": 17}"
ud23_oth,document,tlg0020.tlg003.perseus-grc1.tb.xml,2403,182,2077,1359,0.8643362463587183,0.6543090996629755,0,14,"{""10"": 10, ""11"": 8, ""12"": 11, ""13"": 8, ""14"": 12, ""15"": 4, ""16"": 4, ""17"": 5, ""18"": 7, ""19"": 1, ""2"": 4, ""20"": 6, ""21"": 1, ""22"": 3, ""23"": 3, ""24"": 1, ""25"": 1, ""28"": 2, ""29"": 1, ""3"": 2, ""30"": 2, ""31"": 1, ""33"": 1, ""37"": 1, ""4"": 8, ""5"": 16, ""6"": 14, ""7"": 19, ""8"": 17, ""9"": 9}"
ud23_oth,document,tlg0060.tlg001.perseus-grc3.11.tb.xml,16882,733,15266,12334,0.9042767444615567,0.8079392113192716,0,4,"{""10"": 15, ""11"": 17, ""12"": 24, ""13"": 42, ""14"": 43, ""15"": 38, ""16"": 48, ""17"": 41, ""18"": 28, ""19"": 33, ""20"": 37, ""21"": 37, ""22"": 39, ""23"": 20, ""24"": 27, ""25"": 23, ""26"": 25, ""27"": 20, ""28"": 11, ""29"": 15, ""30"": 14, ""31"": 15, ""32"": 9, ""33"": 7, ""34"": 6, ""35"": 6, ""36"": 8, ""37"": 9, ""38"": 4, ""39"": 6, ""4"": 4, ""40"": 2, ""41"": 1, ""42"": 3, ""43"": 3, ""44"": 2, ""45"": 2, ""46"": 2, ""47"": 3, ""49"": 2, ""5"": 2, ""50"": 1, ""53"": 1, ""54"": 1, ""56"": 1, ""57"": 1, ""6"": 4, ""61"": 1, ""7"": 4, ""8"": 17, ""9"": 9}"
ud23_oth,document,tlg0085.tlg001.perseus-grc2.tb.xml,1529,166,1293,646,0.8456507521255723,0.49961330239752516,0,26,"{""1"": 1, ""10"": 7, ""11"": 8, ""12"": 5, ""13"": 5, ""14"": 2, ""15"": 2, ""16"": 1, ""17"": 6, ""18"": 1, ""19"": 2, ""2"": 2, ""24"": 1, ""25"": 1, ""3"": 10, ""4"": 13, ""5"": 22, ""6"": 37, ""7"": 20, ""8"": 10, ""9"": 10}"
upos_only,document,tlg0003.tlg001.perseus-grc1.1.tb.xml,10396,532,9346,7227,0.8989996152366295,0.7732719880162636,0,9,"{""10"": 24, ""104"": 1, ""11"": 30, ""12"": 35, ""13"": 17, ""14"": 27, ""15"": 33, ""16"": 26, ""17"": 28, ""18"": 22, ""19"": 19, ""2"": 3, ""20"": 13, ""21"": 16, ""22"": 23, ""23"": 13, ""24"": 9, ""25"": 8, ""26"": 6, ""27"": 13, ""28"": 6, ""29"": 7, ""3"": 3, ""30"": 8, ""31"": 5, ""32"": 2, ""33"": 6, ""34"": 4, ""35"": 3, ""36"": 4, ""37"": 4, ""38"": 3, ""39"": 1, ""4"": 3, ""40"": 3, ""42"": 1, ""43"": 1, ""44"": 1, ""45"": 1, ""46"": 2, ""47"": 3, ""5"": 21, ""50"": 1, ""51"": 1, ""55"": 1, ""57"": 1, ""6"": 13, ""69"": 1, ""7"": 14, ""8"": 24, ""9"": 18}"
upos_only,document,tlg0007.tlg004.perseus-grc1.tb.xml,5044,248,4481,3493,0.8883822363203806,0.7795135014505691,0,5,"{""10"": 10, ""11"": 8, ""12"": 10, ""13"": 12, ""14"": 12, ""15"": 12, ""16"": 13, ""17"": 11, ""18"": 3, ""19"": 8, ""20"": 5, ""21"": 9, ""22"": 6, ""23"": 6, ""24"": 4, ""25"": 12, ""26"": 5, ""27"": 2, ""28"": 3, ""29"": 1, ""3"": 4, ""30"": 5, ""31"": 3, ""32"": 4, ""33"": 4, ""34"": 1, ""35"": 5, ""37"": 1, ""38"": 3, ""4"": 1, ""40"": 1, ""44"": 4, ""45"": 1, ""46"": 1, ""47"": 3, ""49"": 1, ""5"": 4, ""50"": 1, ""6"": 11, ""7"": 13, ""8"": 12, ""9"": 13}"
upos_only,document,tlg0007.tlg015.perseus-grc1.tb.xml,4943,251,4403,3408,0.8907546024681368,0.7740177151941858,0,13,"{""1"": 1, ""10"": 8, ""11"": 16, ""12"": 15, ""13"": 5, ""14"": 6, ""15"": 10, ""16"": 18, ""17"": 10, ""18"": 11, ""19"": 8, ""2"": 2, ""20"": 7, ""21"": 8, ""22"": 11, ""23"": 8, ""24"": 4, ""25"": 8, ""26"": 6, ""27"": 7, ""28"": 2, ""29"": 2, ""3"": 2, ""30"": 3, ""31"": 3, ""32"": 5, ""33"": 1, ""34"": 1, ""35"": 2, ""37"": 3, ""38"": 2, ""4"": 8, ""40"": 1, ""42"": 1, ""46"": 1, ""47"": 2, ""49"": 1, ""5"": 5, ""6"": 8, ""7"": 6, ""8"": 8, ""85"": 1, ""9"": 14}"
upos_only,document,tlg0008.tlg001.perseus-grc1.tb.xml,26245,1630,23133,16691,0.8814250333396837,0.721523364889984,0,95,"{""1"": 6, ""10"": 87, ""11"": 107, ""12"": 90, ""13"": 83, ""14"": 69, ""15"": 71, ""16"": 66, ""17"": 64, ""18"": 44, ""19"": 44, ""2"": 15, ""20"": 41, ""21"": 37, ""22"": 37, ""23"": 28, ""24"": 25, ""25"": 18, ""26"": 20, ""27"": 15, ""28"": 15, ""29"": 15, ""3"": 30, ""30"": 12, ""31"": 15, ""32"": 10, ""33"": 9, ""34"": 7, ""35"": 5, ""36"": 5, ""37"": 3, ""38"": 5, ""39"": 6, ""4"": 44, ""40"": 1, ""41"": 2, ""42"": 3, ""43"": 7, ""44"": 3, ""46"": 1, ""47"": 1, ""48"": 1, ""49"": 1, ""5"": 80, ""50"": 1, ""52"": 1, ""56"": 1, ""6"": 83, ""7"": 93, ""70"": 1, ""8"": 99, ""9"": 103}"
upos_only,document,tlg0011.tlg001.perseus-grc2.tb.xml,5229,431,4224,2610,0.8078026391279404,0.6178977272727273,0,91,"{""1"": 7, ""10"": 32, ""11"": 23, ""12"": 24, ""13"": 21, ""14"": 17, ""15"": 9, ""16"": 7, ""17"": 7, ""18"": 4, ""19"": 4, ""2"": 29, ""20"": 3, ""21"": 4, ""22"": 3, ""23"": 3, ""24"": 4, ""25"": 2, ""26"": 2, ""27"": 1, ""28"": 4, ""3"": 31, ""30"": 2, ""32"": 3, ""34"": 1, ""35"": 1, ""38"": 1, ""4"": 24, ""42"": 1, ""44"": 1, ""46"": 1, ""5"": 32, ""6"": 38, ""7"": 28, ""8"": 24, ""9"": 33}"
upos_only,document,tlg0011.tlg002.perseus-grc2.tb.xml,4299,391,3573,2076,0.8311235170969993,0.581024349286314,0,68,"{""1"": 9, ""10"": 21, ""11"": 14, ""12"": 19, ""13"": 17, ""14"": 8, ""15"": 9, ""16"": 5, ""17"": 10, ""18"": 6, ""19"": 4, ""2"": 13, ""20"": 4, ""21"": 4, ""22"": 5, ""23"": 6, ""24"": 2, ""25"": 3, ""26"": 1, ""28"": 1, ""29"": 1, ""3"": 14, ""35"": 1, ""4"": 32, ""5"": 38, ""6"": 54, ""7"": 33, ""8"": 37, ""9"": 20}"
upos_only,document,tlg0011.tlg003.perseus-grc1.tb.xml,5319,490,4364,2503,0.8204549727392367,0.5735563703024747,0,91,"{""1"": 6, ""10"": 27, ""11"": 28, ""12"": 29, ""13"": 28, ""14"": 10, ""15"": 5, ""16"": 9, ""17"": 6, ""18"": 6, ""19"": 6, ""2"": 25, ""20"": 1, ""21"": 5, ""22"": 3, ""23"": 2, ""24"": 3, ""25"": 4, ""26"": 2, ""27"": 1, ""28"": 1, ""3"": 31, ""30"": 2, ""31"": 1, ""33"": 2, ""4"": 29, ""5"": 48, ""6"": 59, ""7"": 57, ""8"": 26, ""9"": 28}"
upos_only,document,tlg0011.tlg004.perseus-grc1.tb.xml,5600,520,4571,2610,0.81625,0.5709910304091008,0,106,"{""1"": 14, ""10"": 20, ""11"": 19, ""12"": 21, ""13"": 27, ""14"": 22, ""15"": 20, ""16"": 3, ""17"": 10, ""18"": 6, ""19"": 2, ""2"": 22, ""20"": 5, ""21"": 1, ""22"": 7, ""23"": 3, ""24"": 1, ""25"": 3, ""26"": 2, ""28"": 1, ""3"": 33, ""30"": 3, ""37"": 1, ""39"": 1, ""4"": 37, ""5"": 57, ""6"": 53, ""7"": 54, ""8"": 36, ""9"": 36}"
upos_only,document,tlg0011.tlg005.perseus-grc2.tb.xml,5239,528,4259,2331,0.8129414010307311,0.5473115754872035,0,149,"{""1"": 23, ""10"": 17, ""11"": 23, ""12"": 22, ""13"": 20, ""14"": 15, ""15"": 14, ""16"": 9, ""17"": 8, ""18"": 6, ""19"": 4, ""2"": 38, ""20"": 2, ""21"": 3, ""22"": 2, ""23"": 1, ""24"": 2, ""25"": 2, ""26"": 1, ""27"": 3, ""3"": 39, ""32"": 1, ""4"": 49, ""41"": 1, ""42"": 1, ""5"": 47, ""6"": 48, ""7"": 49, ""8"": 42, ""9"": 36}"
upos_only,document,tlg0012.tlg001.perseus-grc1.tb.xml,79890,6003,69327,45515,0.8677806984603831,0.656526317307831,0,334,"{""1"": 15, ""10"": 289, ""11"": 316, ""12"": 323, ""13"": 349, ""14"": 325, ""15"": 287, ""16"": 183, ""17"": 148, ""18"": 115, ""19"": 121, ""2"": 33, ""20"": 96, ""21"": 97, ""22"": 84, ""23"": 74, ""24"": 38, ""25"": 36, ""26"": 39, ""27"": 22, ""28"": 29, ""29"": 35, ""3"": 89, ""30"": 18, ""31"": 20, ""32"": 12, ""33"": 10, ""34"": 8, ""35"": 11, ""36"": 10, ""37"": 4, ""38"": 6, ""39"": 4, ""4"": 197, ""40"": 2, ""41"": 4, ""43"": 2, ""45"": 1, ""46"": 1, ""48"": 2, ""49"": 2, ""5"": 361, ""50"": 1, ""58"": 1, ""6"": 563, ""7"": 684, ""8"": 551, ""9"": 385}"
upos_only,document,tlg0013.tlg002.perseus-grc1.tb.xml,2061,166,1761,1119,0.8544395924308588,0.6354344122657581,0,27,"{""10"": 17, ""11"": 12, ""12"": 2, ""13"": 3, ""14"": 3, ""15"": 4, ""16"": 4, ""17"": 4, ""18"": 1, ""19"": 3, ""2"": 9, ""20"": 2, ""21"": 6, ""22"": 3, ""23"": 1, ""24"": 1, ""25"": 3, ""3"": 4, ""30"": 1, ""34"": 1, ""35"": 2, ""37"": 1, ""4"": 14, ""5"": 20, ""57"": 1, ""6"": 14, ""7"": 10, ""8"": 15, ""9"": 5}"
upos_only,document,tlg0016.tlg001.perseus-grc1.1.tb.xml,19575,1092,17301,12946,0.8838314176245211,0.7482804462169816,0,32,"{""10"": 54, ""11"": 52, ""12"": 57, ""13"": 50, ""14"": 59, ""15"": 52, ""16"": 50, ""17"": 39, ""18"": 38, ""19"": 31, ""2"": 1, ""20"": 38, ""21"": 36, ""22"": 30, ""23"": 32, ""24"": 25, ""25"": 25, ""26"": 21, ""27"": 17, ""28"": 13, ""29"": 18, ""3"": 11, ""30"": 7, ""31"": 8, ""32"": 4, ""33"": 8, ""34"": 6, ""35"": 7, ""36"": 5, ""37"": 4, ""38"": 4, ""39"": 4, ""4"": 20, ""40"": 3, ""41"": 2, ""42"": 3, ""43"": 1, ""46"": 1, ""48"": 1, ""49"": 1, ""5"": 37, ""53"": 2, ""6"": 51, ""7"": 50, ""8"": 52, ""9"": 62}"
upos_only,document,tlg0020.tlg001.perseus-grc1.tb.xml,4610,273,4023,2945,0.8726681127982646,0.7320407655978126,0,13,"{""10"": 11, ""11"": 17, ""118"": 1, ""12"": 16, ""13"": 16, ""14"": 16, ""15"": 10, ""152"": 1, ""16"": 9, ""17"": 11, ""18"": 10, ""19"": 8, ""2"": 4, ""20"": 4, ""21"": 4, ""22"": 9, ""23"": 2, ""24"": 3, ""25"": 4, ""26"": 3, ""27"": 7, ""28"": 2, ""29"": 4, ""3"": 6, ""30"": 1, ""32"": 1, ""33"": 1, ""36"": 1, ""37"": 2, ""4"": 3, ""40"": 1, ""41"": 1, ""42"": 1, ""5"": 15, ""6"": 20, ""62"": 1, ""7"": 13, ""8"": 20, ""9"": 14}"
upos_only,document,tlg0020.tlg002.perseus-grc1.tb.xml,3725,283,3189,2077,0.8561073825503356,0.6513013483850737,0,23,"{""10"": 14, ""11"": 6, ""12"": 16, ""13"": 18, ""14"": 12, ""15"": 11, ""16"": 13, ""17"": 6, ""18"": 7, ""19"": 2, ""2"": 7, ""20"": 4, ""21"": 8, ""22"": 4, ""23"": 2, ""24"": 7, ""26"": 3, ""27"": 2, ""29"": 3, ""3"": 6, ""30"": 1, ""31"": 1, ""33"": 1, ""4"": 10, ""5"": 21, ""6"": 35, ""7"": 20, ""8"": 27, ""9"": 16}"
upos_only,document,tlg0020.tlg003.perseus-grc1.tb.xml,2403,182,2070,1353,0.8614232209737828,0.6536231884057971,0,14,"{""10"": 10, ""11"": 8, ""12"": 11, ""13"": 9, ""14"": 11, ""15"": 4, ""16"": 4, ""17"": 5, ""18"": 7, ""19"": 1, ""2"": 4, ""20"": 6, ""21"": 1, ""22"": 4, ""23"": 2, ""24"": 1, ""25"": 1, ""28"": 2, ""29"": 2, ""3"": 3, ""30"": 1, ""31"": 1, ""33"": 1, ""37"": 1, ""4"": 7, ""5"": 16, ""6"": 15, ""7"": 18, ""8"": 19, ""9"": 7}"
upos_only,document,tlg0060.tlg001.perseus-grc3.11.tb.xml,16882,733,15266,12334,0.9042767444615567,0.8079392113192716,0,4,"{""10"": 15, ""11"": 17, ""12"": 24, ""13"": 42, ""14"": 43, ""15"": 38, ""16"": 48, ""17"": 41, ""18"": 28, ""19"": 33, ""20"": 37, ""21"": 37, ""22"": 39, ""23"": 20, ""24"": 27, ""25"": 23, ""26"": 25, ""27"": 20, ""28"": 11, ""29"": 15, ""30"": 14, ""31"": 15, ""32"": 9, ""33"": 7, ""34"": 6, ""35"": 6, ""36"": 8, ""37"": 9, ""38"": 4, ""39"": 6, ""4"": 4, ""40"": 2, ""41"": 1, ""42"": 3, ""43"": 3, ""44"": 2, ""45"": 2, ""46"": 2, ""47"": 3, ""49"": 2, ""5"": 2, ""50"": 1, ""53"": 1, ""54"": 1, ""56"": 1, ""57"": 1, ""6"": 4, ""61"": 1, ""7"": 4, ""8"": 17, ""9"": 9}"
upos_only,document,tlg0085.tlg001.perseus-grc2.tb.xml,1529,166,1284,639,0.8397645519947678,0.4976635514018692,0,28,"{""1"": 1, ""10"": 5, ""11"": 8, ""12"": 5, ""13"": 5, ""14"": 2, ""15"": 2, ""16"": 1, ""17"": 6, ""18"": 1, ""19"": 2, ""2"": 4, ""24"": 1, ""25"": 1, ""3"": 8, ""4"": 15, ""5"": 22, ""6"": 36, ""7"": 19, ""8"": 10, ""9"": 12}"
ud23,block,ATHENAEUS,26245,1630,23133,16691,0.8814250333396837,0.721523364889984,0,95,"{""1"": 6, ""10"": 87, ""11"": 107, ""12"": 90, ""13"": 83, ""14"": 69, ""15"": 71, ""16"": 66, ""17"": 64, ""18"": 44, ""19"": 44, ""2"": 15, ""20"": 41, ""21"": 37, ""22"": 37, ""23"": 28, ""24"": 25, ""25"": 18, ""26"": 20, ""27"": 15, ""28"": 15, ""29"": 15, ""3"": 30, ""30"": 12, ""31"": 15, ""32"": 10, ""33"": 9, ""34"": 7, ""35"": 5, ""36"": 5, ""37"": 3, ""38"": 5, ""39"": 6, ""4"": 44, ""40"": 1, ""41"": 2, ""42"": 3, ""43"": 7, ""44"": 3, ""46"": 1, ""47"": 1, ""48"": 1, ""49"": 1, ""5"": 80, ""50"": 1, ""52"": 1, ""56"": 1, ""6"": 83, ""7"": 93, ""70"": 1, ""8"": 99, ""9"": 103}"
ud23,block,DIODORUS,16882,733,15266,12334,0.9042767444615567,0.8079392113192716,0,4,"{""10"": 15, ""11"": 17, ""12"": 24, ""13"": 42, ""14"": 43, ""15"": 38, ""16"": 48, ""17"": 41, ""18"": 28, ""19"": 33, ""20"": 37, ""21"": 37, ""22"": 39, ""23"": 20, ""24"": 27, ""25"": 23, ""26"": 25, ""27"": 20, ""28"": 11, ""29"": 15, ""30"": 14, ""31"": 15, ""32"": 9, ""33"": 7, ""34"": 6, ""35"": 6, ""36"": 8, ""37"": 9, ""38"": 4, ""39"": 6, ""4"": 4, ""40"": 2, ""41"": 1, ""42"": 3, ""43"": 3, ""44"": 2, ""45"": 2, ""46"": 2, ""47"": 3, ""49"": 2, ""5"": 2, ""50"": 1, ""53"": 1, ""54"": 1, ""56"": 1, ""57"": 1, ""6"": 4, ""61"": 1, ""7"": 4, ""8"": 17, ""9"": 9}"
ud23,block,HERODOTUS,19575,1092,17301,12946,0.8838314176245211,0.7482804462169816,0,32,"{""10"": 54, ""11"": 52, ""12"": 57, ""13"": 50, ""14"": 59, ""15"": 52, ""16"": 50, ""17"": 39, ""18"": 38, ""19"": 31, ""2"": 1, ""20"": 38, ""21"": 36, ""22"": 30, ""23"": 32, ""24"": 25, ""25"": 25, ""26"": 21, ""27"": 17, ""28"": 13, ""29"": 18, ""3"": 11, ""30"": 7, ""31"": 8, ""32"": 4, ""33"": 8, ""34"": 6, ""35"": 7, ""36"": 5, ""37"": 4, ""38"": 4, ""39"": 4, ""4"": 20, ""40"": 3, ""41"": 2, ""42"": 3, ""43"": 1, ""46"": 1, ""48"": 1, ""49"": 1, ""5"": 37, ""53"": 2, ""6"": 51, ""7"": 50, ""8"": 52, ""9"": 62}"
ud23,block,HESIODIC_TRADITION,10738,738,9282,6375,0.864406779661017,0.6868131868131868,0,50,"{""10"": 35, ""11"": 31, ""118"": 1, ""12"": 43, ""13"": 43, ""14"": 39, ""15"": 25, ""152"": 1, ""16"": 26, ""17"": 22, ""18"": 24, ""19"": 11, ""2"": 15, ""20"": 14, ""21"": 13, ""22"": 17, ""23"": 6, ""24"": 11, ""25"": 5, ""26"": 6, ""27"": 9, ""28"": 4, ""29"": 9, ""3"": 15, ""30"": 3, ""31"": 2, ""32"": 1, ""33"": 3, ""36"": 1, ""37"": 3, ""4"": 20, ""40"": 1, ""41"": 1, ""42"": 1, ""5"": 52, ""6"": 70, ""62"": 1, ""7"": 51, ""8"": 66, ""9"": 37}"
ud23,block,HOMERIC_TRADITION,81951,6169,71088,46634,0.8674451806567339,0.6560038262435292,0,361,"{""1"": 15, ""10"": 306, ""11"": 328, ""12"": 325, ""13"": 352, ""14"": 328, ""15"": 291, ""16"": 187, ""17"": 152, ""18"": 116, ""19"": 124, ""2"": 42, ""20"": 98, ""21"": 103, ""22"": 87, ""23"": 75, ""24"": 39, ""25"": 39, ""26"": 39, ""27"": 22, ""28"": 29, ""29"": 35, ""3"": 93, ""30"": 19, ""31"": 20, ""32"": 12, ""33"": 10, ""34"": 9, ""35"": 13, ""36"": 10, ""37"": 5, ""38"": 6, ""39"": 4, ""4"": 211, ""40"": 2, ""41"": 4, ""43"": 2, ""45"": 1, ""46"": 1, ""48"": 2, ""49"": 2, ""5"": 381, ""50"": 1, ""57"": 1, ""58"": 1, ""6"": 577, ""7"": 694, ""8"": 566, ""9"": 390}"
ud23,block,PLUTARCH,9987,499,8884,6901,0.8895564233503555,0.7767897343538946,0,18,"{""1"": 1, ""10"": 18, ""11"": 24, ""12"": 25, ""13"": 17, ""14"": 18, ""15"": 22, ""16"": 31, ""17"": 21, ""18"": 14, ""19"": 16, ""2"": 2, ""20"": 12, ""21"": 17, ""22"": 17, ""23"": 14, ""24"": 8, ""25"": 20, ""26"": 11, ""27"": 9, ""28"": 5, ""29"": 3, ""3"": 6, ""30"": 8, ""31"": 6, ""32"": 9, ""33"": 5, ""34"": 2, ""35"": 7, ""37"": 4, ""38"": 5, ""4"": 9, ""40"": 2, ""42"": 1, ""44"": 4, ""45"": 1, ""46"": 2, ""47"": 5, ""49"": 2, ""5"": 9, ""50"": 1, ""6"": 19, ""7"": 19, ""8"": 20, ""85"": 1, ""9"": 27}"
ud23,block,THUCYDIDES,10396,532,9346,7227,0.8989996152366295,0.7732719880162636,0,9,"{""10"": 24, ""104"": 1, ""11"": 30, ""12"": 35, ""13"": 17, ""14"": 27, ""15"": 33, ""16"": 26, ""17"": 28, ""18"": 22, ""19"": 19, ""2"": 3, ""20"": 13, ""21"": 16, ""22"": 23, ""23"": 13, ""24"": 9, ""25"": 8, ""26"": 6, ""27"": 13, ""28"": 6, ""29"": 7, ""3"": 3, ""30"": 8, ""31"": 5, ""32"": 2, ""33"": 6, ""34"": 4, ""35"": 3, ""36"": 4, ""37"": 4, ""38"": 3, ""39"": 1, ""4"": 3, ""40"": 3, ""42"": 1, ""43"": 1, ""44"": 1, ""45"": 1, ""46"": 2, ""47"": 3, ""5"": 21, ""50"": 1, ""51"": 1, ""55"": 1, ""57"": 1, ""6"": 13, ""69"": 1, ""7"": 14, ""8"": 24, ""9"": 18}"
ud23_oth,block,ATHENAEUS,26245,1630,23231,16786,0.8851590779196037,0.7225689811028367,0,92,"{""1"": 5, ""10"": 83, ""11"": 109, ""12"": 94, ""13"": 82, ""14"": 68, ""15"": 69, ""16"": 70, ""17"": 65, ""18"": 45, ""19"": 43, ""2"": 16, ""20"": 41, ""21"": 36, ""22"": 37, ""23"": 31, ""24"": 23, ""25"": 18, ""26"": 22, ""27"": 15, ""28"": 13, ""29"": 15, ""3"": 28, ""30"": 12, ""31"": 17, ""32"": 9, ""33"": 8, ""34"": 8, ""35"": 6, ""36"": 5, ""37"": 3, ""38"": 5, ""39"": 6, ""4"": 43, ""40"": 1, ""41"": 2, ""42"": 3, ""43"": 7, ""44"": 3, ""46"": 1, ""47"": 1, ""48"": 1, ""49"": 1, ""5"": 78, ""50"": 1, ""52"": 1, ""57"": 1, ""6"": 87, ""7"": 85, ""70"": 1, ""8"": 102, ""9"": 104}"
ud23_oth,block,DIODORUS,16882,733,15266,12334,0.9042767444615567,0.8079392113192716,0,4,"{""10"": 15, ""11"": 17, ""12"": 24, ""13"": 42, ""14"": 43, ""15"": 38, ""16"": 48, ""17"": 41, ""18"": 28, ""19"": 33, ""20"": 37, ""21"": 37, ""22"": 39, ""23"": 20, ""24"": 27, ""25"": 23, ""26"": 25, ""27"": 20, ""28"": 11, ""29"": 15, ""30"": 14, ""31"": 15, ""32"": 9, ""33"": 7, ""34"": 6, ""35"": 6, ""36"": 8, ""37"": 9, ""38"": 4, ""39"": 6, ""4"": 4, ""40"": 2, ""41"": 1, ""42"": 3, ""43"": 3, ""44"": 2, ""45"": 2, ""46"": 2, ""47"": 3, ""49"": 2, ""5"": 2, ""50"": 1, ""53"": 1, ""54"": 1, ""56"": 1, ""57"": 1, ""6"": 4, ""61"": 1, ""7"": 4, ""8"": 17, ""9"": 9}"
ud23_oth,block,HERODOTUS,19575,1092,17349,12994,0.8862835249042146,0.748976886275866,0,32,"{""10"": 52, ""11"": 52, ""12"": 54, ""13"": 55, ""14"": 56, ""15"": 53, ""16"": 46, ""17"": 43, ""18"": 40, ""19"": 31, ""2"": 1, ""20"": 38, ""21"": 35, ""22"": 27, ""23"": 33, ""24"": 26, ""25"": 27, ""26"": 19, ""27"": 17, ""28"": 13, ""29"": 17, ""3"": 11, ""30"": 10, ""31"": 8, ""32"": 4, ""33"": 8, ""34"": 5, ""35"": 8, ""36"": 5, ""37"": 4, ""38"": 4, ""39"": 4, ""4"": 20, ""40"": 3, ""41"": 2, ""42"": 3, ""43"": 1, ""46"": 1, ""48"": 1, ""49"": 1, ""5"": 35, ""53"": 2, ""6"": 50, ""7"": 52, ""8"": 53, ""9"": 62}"
ud23_oth,block,HESIODIC_TRADITION,10738,738,9308,6398,0.8668280871670703,0.6873657069187795,0,50,"{""10"": 33, ""11"": 31, ""118"": 1, ""12"": 45, ""13"": 42, ""14"": 38, ""15"": 26, ""152"": 1, ""16"": 26, ""17"": 22, ""18"": 25, ""19"": 11, ""2"": 14, ""20"": 14, ""21"": 13, ""22"": 16, ""23"": 6, ""24"": 12, ""25"": 5, ""26"": 6, ""27"": 9, ""28"": 4, ""29"": 8, ""3"": 14, ""30"": 4, ""31"": 1, ""32"": 2, ""33"": 3, ""36"": 1, ""37"": 3, ""4"": 22, ""40"": 1, ""41"": 1, ""42"": 1, ""5"": 51, ""6"": 69, ""62"": 1, ""7"": 51, ""8"": 64, ""9"": 41}"
ud23_oth,block,HOMERIC_TRADITION,81951,6169,71547,47062,0.8730460885163085,0.6577774050624066,0,332,"{""1"": 11, ""10"": 315, ""11"": 319, ""12"": 320, ""13"": 348, ""14"": 338, ""15"": 288, ""16"": 195, ""17"": 157, ""18"": 118, ""19"": 118, ""2"": 33, ""20"": 100, ""21"": 107, ""22"": 91, ""23"": 70, ""24"": 44, ""25"": 38, ""26"": 40, ""27"": 24, ""28"": 24, ""29"": 40, ""3"": 92, ""30"": 19, ""31"": 20, ""32"": 11, ""33"": 11, ""34"": 8, ""35"": 12, ""36"": 12, ""37"": 6, ""38"": 4, ""39"": 6, ""4"": 196, ""40"": 2, ""41"": 3, ""43"": 3, ""45"": 1, ""46"": 1, ""48"": 1, ""49"": 1, ""5"": 370, ""50"": 3, ""57"": 1, ""58"": 1, ""6"": 578, ""7"": 701, ""8"": 564, ""9"": 404}"
ud23_oth,block,PLUTARCH,9987,499,8893,6908,0.8904575948733353,0.776790734285393,0,17,"{""1"": 1, ""10"": 18, ""11"": 24, ""12"": 25, ""13"": 17, ""14"": 18, ""15"": 22, ""16"": 30, ""17"": 21, ""18"": 15, ""19"": 16, ""2"": 2, ""20"": 12, ""21"": 16, ""22"": 18, ""23"": 14, ""24"": 7, ""25"": 21, ""26"": 11, ""27"": 9, ""28"": 5, ""29"": 3, ""3"": 4, ""30"": 8, ""31"": 6, ""32"": 9, ""33"": 5, ""34"": 2, ""35"": 7, ""37"": 4, ""38"": 4, ""39"": 1, ""4"": 10, ""40"": 2, ""42"": 1, ""44"": 4, ""45"": 1, ""46"": 2, ""47"": 5, ""49"": 2, ""5"": 9, ""50"": 1, ""6"": 20, ""7"": 19, ""8"": 20, ""85"": 1, ""9"": 27}"
ud23_oth,block,THUCYDIDES,10396,532,9353,7234,0.899672951135052,0.7734416764674436,0,9,"{""10"": 24, ""104"": 1, ""11"": 30, ""12"": 35, ""13"": 16, ""14"": 28, ""15"": 33, ""16"": 26, ""17"": 28, ""18"": 21, ""19"": 20, ""2"": 3, ""20"": 13, ""21"": 16, ""22"": 21, ""23"": 14, ""24"": 10, ""25"": 8, ""26"": 6, ""27"": 12, ""28"": 7, ""29"": 7, ""3"": 3, ""30"": 8, ""31"": 5, ""32"": 2, ""33"": 6, ""34"": 4, ""35"": 3, ""36"": 4, ""37"": 4, ""38"": 3, ""39"": 1, ""4"": 3, ""40"": 3, ""42"": 1, ""43"": 1, ""44"": 1, ""45"": 1, ""46"": 2, ""47"": 3, ""5"": 21, ""50"": 1, ""51"": 1, ""55"": 1, ""57"": 1, ""6"": 13, ""69"": 1, ""7"": 13, ""8"": 25, ""9"": 18}"
upos_only,block,ATHENAEUS,26245,1630,23133,16691,0.8814250333396837,0.721523364889984,0,95,"{""1"": 6, ""10"": 87, ""11"": 107, ""12"": 90, ""13"": 83, ""14"": 69, ""15"": 71, ""16"": 66, ""17"": 64, ""18"": 44, ""19"": 44, ""2"": 15, ""20"": 41, ""21"": 37, ""22"": 37, ""23"": 28, ""24"": 25, ""25"": 18, ""26"": 20, ""27"": 15, ""28"": 15, ""29"": 15, ""3"": 30, ""30"": 12, ""31"": 15, ""32"": 10, ""33"": 9, ""34"": 7, ""35"": 5, ""36"": 5, ""37"": 3, ""38"": 5, ""39"": 6, ""4"": 44, ""40"": 1, ""41"": 2, ""42"": 3, ""43"": 7, ""44"": 3, ""46"": 1, ""47"": 1, ""48"": 1, ""49"": 1, ""5"": 80, ""50"": 1, ""52"": 1, ""56"": 1, ""6"": 83, ""7"": 93, ""70"": 1, ""8"": 99, ""9"": 103}"
upos_only,block,DIODORUS,16882,733,15266,12334,0.9042767444615567,0.8079392113192716,0,4,"{""10"": 15, ""11"": 17, ""12"": 24, ""13"": 42, ""14"": 43, ""15"": 38, ""16"": 48, ""17"": 41, ""18"": 28, ""19"": 33, ""20"": 37, ""21"": 37, ""22"": 39, ""23"": 20, ""24"": 27, ""25"": 23, ""26"": 25, ""27"": 20, ""28"": 11, ""29"": 15, ""30"": 14, ""31"": 15, ""32"": 9, ""33"": 7, ""34"": 6, ""35"": 6, ""36"": 8, ""37"": 9, ""38"": 4, ""39"": 6, ""4"": 4, ""40"": 2, ""41"": 1, ""42"": 3, ""43"": 3, ""44"": 2, ""45"": 2, ""46"": 2, ""47"": 3, ""49"": 2, ""5"": 2, ""50"": 1, ""53"": 1, ""54"": 1, ""56"": 1, ""57"": 1, ""6"": 4, ""61"": 1, ""7"": 4, ""8"": 17, ""9"": 9}"
upos_only,block,HERODOTUS,19575,1092,17301,12946,0.8838314176245211,0.7482804462169816,0,32,"{""10"": 54, ""11"": 52, ""12"": 57, ""13"": 50, ""14"": 59, ""15"": 52, ""16"": 50, ""17"": 39, ""18"": 38, ""19"": 31, ""2"": 1, ""20"": 38, ""21"": 36, ""22"": 30, ""23"": 32, ""24"": 25, ""25"": 25, ""26"": 21, ""27"": 17, ""28"": 13, ""29"": 18, ""3"": 11, ""30"": 7, ""31"": 8, ""32"": 4, ""33"": 8, ""34"": 6, ""35"": 7, ""36"": 5, ""37"": 4, ""38"": 4, ""39"": 4, ""4"": 20, ""40"": 3, ""41"": 2, ""42"": 3, ""43"": 1, ""46"": 1, ""48"": 1, ""49"": 1, ""5"": 37, ""53"": 2, ""6"": 51, ""7"": 50, ""8"": 52, ""9"": 62}"
upos_only,block,HESIODIC_TRADITION,10738,738,9282,6375,0.864406779661017,0.6868131868131868,0,50,"{""10"": 35, ""11"": 31, ""118"": 1, ""12"": 43, ""13"": 43, ""14"": 39, ""15"": 25, ""152"": 1, ""16"": 26, ""17"": 22, ""18"": 24, ""19"": 11, ""2"": 15, ""20"": 14, ""21"": 13, ""22"": 17, ""23"": 6, ""24"": 11, ""25"": 5, ""26"": 6, ""27"": 9, ""28"": 4, ""29"": 9, ""3"": 15, ""30"": 3, ""31"": 2, ""32"": 1, ""33"": 3, ""36"": 1, ""37"": 3, ""4"": 20, ""40"": 1, ""41"": 1, ""42"": 1, ""5"": 52, ""6"": 70, ""62"": 1, ""7"": 51, ""8"": 66, ""9"": 37}"
upos_only,block,HOMERIC_TRADITION,81951,6169,71088,46634,0.8674451806567339,0.6560038262435292,0,361,"{""1"": 15, ""10"": 306, ""11"": 328, ""12"": 325, ""13"": 352, ""14"": 328, ""15"": 291, ""16"": 187, ""17"": 152, ""18"": 116, ""19"": 124, ""2"": 42, ""20"": 98, ""21"": 103, ""22"": 87, ""23"": 75, ""24"": 39, ""25"": 39, ""26"": 39, ""27"": 22, ""28"": 29, ""29"": 35, ""3"": 93, ""30"": 19, ""31"": 20, ""32"": 12, ""33"": 10, ""34"": 9, ""35"": 13, ""36"": 10, ""37"": 5, ""38"": 6, ""39"": 4, ""4"": 211, ""40"": 2, ""41"": 4, ""43"": 2, ""45"": 1, ""46"": 1, ""48"": 2, ""49"": 2, ""5"": 381, ""50"": 1, ""57"": 1, ""58"": 1, ""6"": 577, ""7"": 694, ""8"": 566, ""9"": 390}"
upos_only,block,PLUTARCH,9987,499,8884,6901,0.8895564233503555,0.7767897343538946,0,18,"{""1"": 1, ""10"": 18, ""11"": 24, ""12"": 25, ""13"": 17, ""14"": 18, ""15"": 22, ""16"": 31, ""17"": 21, ""18"": 14, ""19"": 16, ""2"": 2, ""20"": 12, ""21"": 17, ""22"": 17, ""23"": 14, ""24"": 8, ""25"": 20, ""26"": 11, ""27"": 9, ""28"": 5, ""29"": 3, ""3"": 6, ""30"": 8, ""31"": 6, ""32"": 9, ""33"": 5, ""34"": 2, ""35"": 7, ""37"": 4, ""38"": 5, ""4"": 9, ""40"": 2, ""42"": 1, ""44"": 4, ""45"": 1, ""46"": 2, ""47"": 5, ""49"": 2, ""5"": 9, ""50"": 1, ""6"": 19, ""7"": 19, ""8"": 20, ""85"": 1, ""9"": 27}"
upos_only,block,THUCYDIDES,10396,532,9346,7227,0.8989996152366295,0.7732719880162636,0,9,"{""10"": 24, ""104"": 1, ""11"": 30, ""12"": 35, ""13"": 17, ""14"": 27, ""15"": 33, ""16"": 26, ""17"": 28, ""18"": 22, ""19"": 19, ""2"": 3, ""20"": 13, ""21"": 16, ""22"": 23, ""23"": 13, ""24"": 9, ""25"": 8, ""26"": 6, ""27"": 13, ""28"": 6, ""29"": 7, ""3"": 3, ""30"": 8, ""31"": 5, ""32"": 2, ""33"": 6, ""34"": 4, ""35"": 3, ""36"": 4, ""37"": 4, ""38"": 3, ""39"": 1, ""4"": 3, ""40"": 3, ""42"": 1, ""43"": 1, ""44"": 1, ""45"": 1, ""46"": 2, ""47"": 3, ""5"": 21, ""50"": 1, ""51"": 1, ""55"": 1, ""57"": 1, ""6"": 13, ""69"": 1, ""7"": 14, ""8"": 24, ""9"": 18}"
ud23,regime,HEX,92689,6907,80370,53009,0.8670931825782995,0.6595620256314545,0,411,"{""1"": 15, ""10"": 341, ""11"": 359, ""118"": 1, ""12"": 368, ""13"": 395, ""14"": 367, ""15"": 316, ""152"": 1, ""16"": 213, ""17"": 174, ""18"": 140, ""19"": 135, ""2"": 57, ""20"": 112, ""21"": 116, ""22"": 104, ""23"": 81, ""24"": 50, ""25"": 44, ""26"": 45, ""27"": 31, ""28"": 33, ""29"": 44, ""3"": 108, ""30"": 22, ""31"": 22, ""32"": 13, ""33"": 13, ""34"": 9, ""35"": 13, ""36"": 11, ""37"": 8, ""38"": 6, ""39"": 4, ""4"": 231, ""40"": 3, ""41"": 5, ""42"": 1, ""43"": 2, ""45"": 1, ""46"": 1, ""48"": 2, ""49"": 2, ""5"": 433, ""50"": 1, ""57"": 1, ""58"": 1, ""6"": 647, ""62"": 1, ""7"": 745, ""8"": 632, ""9"": 427}"
ud23,regime,OTHER_VERSE,27215,2526,22275,12769,0.8184824545287526,0.5732435465768799,0,533,"{""1"": 60, ""10"": 122, ""11"": 115, ""12"": 120, ""13"": 118, ""14"": 74, ""15"": 59, ""16"": 34, ""17"": 47, ""18"": 29, ""19"": 22, ""2"": 131, ""20"": 15, ""21"": 17, ""22"": 20, ""23"": 15, ""24"": 13, ""25"": 15, ""26"": 8, ""27"": 5, ""28"": 7, ""29"": 1, ""3"": 156, ""30"": 7, ""31"": 1, ""32"": 4, ""33"": 2, ""34"": 1, ""35"": 2, ""37"": 1, ""38"": 1, ""39"": 1, ""4"": 186, ""41"": 1, ""42"": 2, ""44"": 1, ""46"": 1, ""5"": 244, ""6"": 288, ""7"": 240, ""8"": 175, ""9"": 165}"
ud23,regime,PROSE_CLASS,29971,1624,26647,20173,0.8890927896967068,0.7570458212932037,0,41,"{""10"": 78, ""104"": 1, ""11"": 82, ""12"": 92, ""13"": 67, ""14"": 86, ""15"": 85, ""16"": 76, ""17"": 67, ""18"": 60, ""19"": 50, ""2"": 4, ""20"": 51, ""21"": 52, ""22"": 53, ""23"": 45, ""24"": 34, ""25"": 33, ""26"": 27, ""27"": 30, ""28"": 19, ""29"": 25, ""3"": 14, ""30"": 15, ""31"": 13, ""32"": 6, ""33"": 14, ""34"": 10, ""35"": 10, ""36"": 9, ""37"": 8, ""38"": 7, ""39"": 5, ""4"": 23, ""40"": 6, ""41"": 2, ""42"": 4, ""43"": 2, ""44"": 1, ""45"": 1, ""46"": 3, ""47"": 3, ""48"": 1, ""49"": 1, ""5"": 58, ""50"": 1, ""51"": 1, ""53"": 2, ""55"": 1, ""57"": 1, ""6"": 64, ""69"": 1, ""7"": 64, ""8"": 76, ""9"": 80}"
ud23,regime,PROSE_POST,53114,2862,47283,35926,0.8902172685167752,0.7598079648076476,0,117,"{""1"": 7, ""10"": 120, ""11"": 148, ""12"": 139, ""13"": 142, ""14"": 130, ""15"": 131, ""16"": 145, ""17"": 126, ""18"": 86, ""19"": 93, ""2"": 17, ""20"": 90, ""21"": 91, ""22"": 93, ""23"": 62, ""24"": 60, ""25"": 61, ""26"": 56, ""27"": 44, ""28"": 31, ""29"": 33, ""3"": 36, ""30"": 34, ""31"": 36, ""32"": 28, ""33"": 21, ""34"": 15, ""35"": 18, ""36"": 13, ""37"": 16, ""38"": 14, ""39"": 12, ""4"": 57, ""40"": 5, ""41"": 3, ""42"": 7, ""43"": 10, ""44"": 9, ""45"": 3, ""46"": 5, ""47"": 9, ""48"": 1, ""49"": 5, ""5"": 91, ""50"": 3, ""52"": 1, ""53"": 1, ""54"": 1, ""56"": 2, ""57"": 1, ""6"": 106, ""61"": 1, ""7"": 116, ""70"": 1, ""8"": 136, ""85"": 1, ""9"": 139}"
ud23_oth,regime,HEX,92689,6907,80855,53460,0.8723257344452956,0.661183600272092,0,382,"{""1"": 11, ""10"": 348, ""11"": 350, ""118"": 1, ""12"": 365, ""13"": 390, ""14"": 376, ""15"": 314, ""152"": 1, ""16"": 221, ""17"": 179, ""18"": 143, ""19"": 129, ""2"": 47, ""20"": 114, ""21"": 120, ""22"": 107, ""23"": 76, ""24"": 56, ""25"": 43, ""26"": 46, ""27"": 33, ""28"": 28, ""29"": 48, ""3"": 106, ""30"": 23, ""31"": 21, ""32"": 13, ""33"": 14, ""34"": 8, ""35"": 12, ""36"": 13, ""37"": 9, ""38"": 4, ""39"": 6, ""4"": 218, ""40"": 3, ""41"": 4, ""42"": 1, ""43"": 3, ""45"": 1, ""46"": 1, ""48"": 1, ""49"": 1, ""5"": 421, ""50"": 3, ""57"": 1, ""58"": 1, ""6"": 647, ""62"": 1, ""7"": 752, ""8"": 628, ""9"": 445}"
ud23_oth,regime,OTHER_VERSE,27215,2526,22623,13062,0.8312695204850267,0.5773770057021615,0,501,"{""1"": 55, ""10"": 124, ""11"": 122, ""12"": 120, ""13"": 122, ""14"": 78, ""15"": 61, ""16"": 35, ""17"": 48, ""18"": 30, ""19"": 24, ""2"": 106, ""20"": 17, ""21"": 13, ""22"": 18, ""23"": 19, ""24"": 12, ""25"": 16, ""26"": 10, ""27"": 6, ""28"": 4, ""29"": 4, ""3"": 166, ""30"": 7, ""31"": 1, ""32"": 3, ""33"": 2, ""34"": 2, ""35"": 2, ""37"": 1, ""38"": 1, ""4"": 174, ""41"": 2, ""42"": 2, ""44"": 1, ""46"": 1, ""5"": 245, ""6"": 288, ""7"": 252, ""8"": 186, ""9"": 146}"
ud23_oth,regime,PROSE_CLASS,29971,1624,26702,20228,0.8909278969670682,0.7575462512171373,0,41,"{""10"": 76, ""104"": 1, ""11"": 82, ""12"": 89, ""13"": 71, ""14"": 84, ""15"": 86, ""16"": 72, ""17"": 71, ""18"": 61, ""19"": 51, ""2"": 4, ""20"": 51, ""21"": 51, ""22"": 48, ""23"": 47, ""24"": 36, ""25"": 35, ""26"": 25, ""27"": 29, ""28"": 20, ""29"": 24, ""3"": 14, ""30"": 18, ""31"": 13, ""32"": 6, ""33"": 14, ""34"": 9, ""35"": 11, ""36"": 9, ""37"": 8, ""38"": 7, ""39"": 5, ""4"": 23, ""40"": 6, ""41"": 2, ""42"": 4, ""43"": 2, ""44"": 1, ""45"": 1, ""46"": 3, ""47"": 3, ""48"": 1, ""49"": 1, ""5"": 56, ""50"": 1, ""51"": 1, ""53"": 2, ""55"": 1, ""57"": 1, ""6"": 63, ""69"": 1, ""7"": 65, ""8"": 78, ""9"": 80}"
ud23_oth,regime,PROSE_POST,53114,2862,47390,36028,0.8922318032910344,0.7602447773791939,0,113,"{""1"": 6, ""10"": 116, ""11"": 150, ""12"": 143, ""13"": 141, ""14"": 129, ""15"": 129, ""16"": 148, ""17"": 127, ""18"": 88, ""19"": 92, ""2"": 18, ""20"": 90, ""21"": 89, ""22"": 94, ""23"": 65, ""24"": 57, ""25"": 62, ""26"": 58, ""27"": 44, ""28"": 29, ""29"": 33, ""3"": 32, ""30"": 34, ""31"": 38, ""32"": 27, ""33"": 20, ""34"": 16, ""35"": 19, ""36"": 13, ""37"": 16, ""38"": 13, ""39"": 13, ""4"": 57, ""40"": 5, ""41"": 3, ""42"": 7, ""43"": 10, ""44"": 9, ""45"": 3, ""46"": 5, ""47"": 9, ""48"": 1, ""49"": 5, ""5"": 89, ""50"": 3, ""52"": 1, ""53"": 1, ""54"": 1, ""56"": 1, ""57"": 2, ""6"": 111, ""61"": 1, ""7"": 108, ""70"": 1, ""8"": 139, ""85"": 1, ""9"": 140}"
upos_only,regime,HEX,92689,6907,80370,53009,0.8670931825782995,0.6595620256314545,0,411,"{""1"": 15, ""10"": 341, ""11"": 359, ""118"": 1, ""12"": 368, ""13"": 395, ""14"": 367, ""15"": 316, ""152"": 1, ""16"": 213, ""17"": 174, ""18"": 140, ""19"": 135, ""2"": 57, ""20"": 112, ""21"": 116, ""22"": 104, ""23"": 81, ""24"": 50, ""25"": 44, ""26"": 45, ""27"": 31, ""28"": 33, ""29"": 44, ""3"": 108, ""30"": 22, ""31"": 22, ""32"": 13, ""33"": 13, ""34"": 9, ""35"": 13, ""36"": 11, ""37"": 8, ""38"": 6, ""39"": 4, ""4"": 231, ""40"": 3, ""41"": 5, ""42"": 1, ""43"": 2, ""45"": 1, ""46"": 1, ""48"": 2, ""49"": 2, ""5"": 433, ""50"": 1, ""57"": 1, ""58"": 1, ""6"": 647, ""62"": 1, ""7"": 745, ""8"": 632, ""9"": 427}"
upos_only,regime,OTHER_VERSE,27215,2526,22275,12769,0.8184824545287526,0.5732435465768799,0,533,"{""1"": 60, ""10"": 122, ""11"": 115, ""12"": 120, ""13"": 118, ""14"": 74, ""15"": 59, ""16"": 34, ""17"": 47, ""18"": 29, ""19"": 22, ""2"": 131, ""20"": 15, ""21"": 17, ""22"": 20, ""23"": 15, ""24"": 13, ""25"": 15, ""26"": 8, ""27"": 5, ""28"": 7, ""29"": 1, ""3"": 156, ""30"": 7, ""31"": 1, ""32"": 4, ""33"": 2, ""34"": 1, ""35"": 2, ""37"": 1, ""38"": 1, ""39"": 1, ""4"": 186, ""41"": 1, ""42"": 2, ""44"": 1, ""46"": 1, ""5"": 244, ""6"": 288, ""7"": 240, ""8"": 175, ""9"": 165}"
upos_only,regime,PROSE_CLASS,29971,1624,26647,20173,0.8890927896967068,0.7570458212932037,0,41,"{""10"": 78, ""104"": 1, ""11"": 82, ""12"": 92, ""13"": 67, ""14"": 86, ""15"": 85, ""16"": 76, ""17"": 67, ""18"": 60, ""19"": 50, ""2"": 4, ""20"": 51, ""21"": 52, ""22"": 53, ""23"": 45, ""24"": 34, ""25"": 33, ""26"": 27, ""27"": 30, ""28"": 19, ""29"": 25, ""3"": 14, ""30"": 15, ""31"": 13, ""32"": 6, ""33"": 14, ""34"": 10, ""35"": 10, ""36"": 9, ""37"": 8, ""38"": 7, ""39"": 5, ""4"": 23, ""40"": 6, ""41"": 2, ""42"": 4, ""43"": 2, ""44"": 1, ""45"": 1, ""46"": 3, ""47"": 3, ""48"": 1, ""49"": 1, ""5"": 58, ""50"": 1, ""51"": 1, ""53"": 2, ""55"": 1, ""57"": 1, ""6"": 64, ""69"": 1, ""7"": 64, ""8"": 76, ""9"": 80}"
upos_only,regime,PROSE_POST,53114,2862,47283,35926,0.8902172685167752,0.7598079648076476,0,117,"{""1"": 7, ""10"": 120, ""11"": 148, ""12"": 139, ""13"": 142, ""14"": 130, ""15"": 131, ""16"": 145, ""17"": 126, ""18"": 86, ""19"": 93, ""2"": 17, ""20"": 90, ""21"": 91, ""22"": 93, ""23"": 62, ""24"": 60, ""25"": 61, ""26"": 56, ""27"": 44, ""28"": 31, ""29"": 33, ""3"": 36, ""30"": 34, ""31"": 36, ""32"": 28, ""33"": 21, ""34"": 15, ""35"": 18, ""36"": 13, ""37"": 16, ""38"": 14, ""39"": 12, ""4"": 57, ""40"": 5, ""41"": 3, ""42"": 7, ""43"": 10, ""44"": 9, ""45"": 3, ""46"": 5, ""47"": 9, ""48"": 1, ""49"": 5, ""5"": 91, ""50"": 3, ""52"": 1, ""53"": 1, ""54"": 1, ""56"": 2, ""57"": 1, ""6"": 106, ""61"": 1, ""7"": 116, ""70"": 1, ""8"": 136, ""85"": 1, ""9"": 139}"
