language,regime,upos_raw,deprel_raw,upos,deprel_base,n,status
grc,HEX,ADJ,advcl,ADJ,advcl,70,PROVISIONAL
grc,HEX,ADJ,advmod,ADJ,advmod,805,PROVISIONAL
grc,HEX,ADJ,amod,ADJ,amod,516,PROVISIONAL
grc,HEX,ADJ,appos,ADJ,appos,10,PROVISIONAL
grc,HEX,ADJ,conj,ADJ,conj,249,PROVISIONAL
grc,HEX,ADJ,iobj,ADJ,iobj,59,PROVISIONAL
grc,HEX,ADJ,nmod,ADJ,nmod,6841,PROVISIONAL
grc,HEX,ADJ,nsubj,ADJ,nsubj,441,PROVISIONAL
grc,HEX,ADJ,obj,ADJ,obj,664,PROVISIONAL
grc,HEX,ADJ,obl,ADJ,obl,299,PROVISIONAL
grc,HEX,ADJ,root,ADJ,root,132,PROVISIONAL
grc,HEX,ADJ,vocative,ADJ,vocative,88,PROVISIONAL
grc,HEX,ADJ,xcomp,ADJ,xcomp,983,PROVISIONAL
grc,HEX,ADP,case,ADP,case,4441,PROVISIONAL
grc,HEX,ADP,mark,ADP,mark,3,PROVISIONAL
grc,HEX,ADP,obj,ADP,obj,2,PROVISIONAL
grc,HEX,ADV,acl,ADV,acl,2,PROVISIONAL
grc,HEX,ADV,advcl,ADV,advcl,2,PROVISIONAL
grc,HEX,ADV,advmod,ADV,advmod,6623,PROVISIONAL
grc,HEX,ADV,case,ADV,case,27,PROVISIONAL
grc,HEX,ADV,cc,ADV,cc,22,PROVISIONAL
grc,HEX,ADV,conj,ADV,conj,31,PROVISIONAL
grc,HEX,ADV,mark,ADV,mark,15,PROVISIONAL
grc,HEX,ADV,nmod,ADV,nmod,27,PROVISIONAL
grc,HEX,ADV,obj,ADV,obj,291,PROVISIONAL
grc,HEX,ADV,obl,ADV,obl,9,PROVISIONAL
grc,HEX,ADV,root,ADV,root,6,PROVISIONAL
grc,HEX,ADV,xcomp,ADV,xcomp,4,PROVISIONAL
grc,HEX,AUX,cop,AUX,cop,569,PROVISIONAL
grc,HEX,CCONJ,advmod,CCONJ,advmod,437,PROVISIONAL
grc,HEX,CCONJ,cc,CCONJ,cc,1815,PROVISIONAL
grc,HEX,CCONJ,mark,CCONJ,mark,269,PROVISIONAL
grc,HEX,DET,advmod,DET,advmod,1,PROVISIONAL
grc,HEX,DET,det,DET,det,379,PROVISIONAL
grc,HEX,INTJ,discourse,INTJ,discourse,108,PROVISIONAL
grc,HEX,INTJ,vocative,INTJ,vocative,11,PROVISIONAL
grc,HEX,NOUN,acl,NOUN,acl,24,PROVISIONAL
grc,HEX,NOUN,advcl,NOUN,advcl,24,PROVISIONAL
grc,HEX,NOUN,appos,NOUN,appos,134,PROVISIONAL
grc,HEX,NOUN,case,NOUN,case,1,PROVISIONAL
grc,HEX,NOUN,conj,NOUN,conj,1504,PROVISIONAL
grc,HEX,NOUN,iobj,NOUN,iobj,369,PROVISIONAL
grc,HEX,NOUN,nmod,NOUN,nmod,3054,PROVISIONAL
grc,HEX,NOUN,nsubj,NOUN,nsubj,4153,PROVISIONAL
grc,HEX,NOUN,obj,NOUN,obj,5966,PROVISIONAL
grc,HEX,NOUN,obl,NOUN,obl,4432,PROVISIONAL
grc,HEX,NOUN,root,NOUN,root,60,PROVISIONAL
grc,HEX,NOUN,vocative,NOUN,vocative,385,PROVISIONAL
grc,HEX,NOUN,xcomp,NOUN,xcomp,137,PROVISIONAL
grc,HEX,NUM,advcl,NUM,advcl,1,PROVISIONAL
grc,HEX,NUM,conj,NUM,conj,3,PROVISIONAL
grc,HEX,NUM,nsubj,NUM,nsubj,2,PROVISIONAL
grc,HEX,NUM,nummod,NUM,nummod,116,PROVISIONAL
grc,HEX,NUM,obj,NUM,obj,2,PROVISIONAL
grc,HEX,NUM,obl,NUM,obl,1,PROVISIONAL
grc,HEX,NUM,root,NUM,root,1,PROVISIONAL
grc,HEX,NUM,xcomp,NUM,xcomp,1,PROVISIONAL
grc,HEX,PART,advmod,PART,advmod,6827,PROVISIONAL
grc,HEX,PART,case,PART,case,1,PROVISIONAL
grc,HEX,PART,cc,PART,cc,4432,PROVISIONAL
grc,HEX,PART,mark,PART,mark,9,PROVISIONAL
grc,HEX,PART,obj,PART,obj,1,PROVISIONAL
grc,HEX,PRON,acl,PRON,acl,2,PROVISIONAL
grc,HEX,PRON,advcl,PRON,advcl,1,PROVISIONAL
grc,HEX,PRON,appos,PRON,appos,7,PROVISIONAL
grc,HEX,PRON,conj,PRON,conj,25,PROVISIONAL
grc,HEX,PRON,iobj,PRON,iobj,331,PROVISIONAL
grc,HEX,PRON,nmod,PRON,nmod,544,PROVISIONAL
grc,HEX,PRON,nsubj,PRON,nsubj,2075,PROVISIONAL
grc,HEX,PRON,obj,PRON,obj,1952,PROVISIONAL
grc,HEX,PRON,obl,PRON,obl,803,PROVISIONAL
grc,HEX,PRON,root,PRON,root,8,PROVISIONAL
grc,HEX,PRON,vocative,PRON,vocative,4,PROVISIONAL
grc,HEX,PRON,xcomp,PRON,xcomp,3,PROVISIONAL
grc,HEX,PUNCT,punct,PUNCT,punct,11699,PROVISIONAL
grc,HEX,SCONJ,cc,SCONJ,cc,16,PROVISIONAL
grc,HEX,SCONJ,mark,SCONJ,mark,793,PROVISIONAL
grc,HEX,VERB,acl,VERB,acl,716,PROVISIONAL
grc,HEX,VERB,advcl,VERB,advcl,4140,PROVISIONAL
grc,HEX,VERB,appos,VERB,appos,22,PROVISIONAL
grc,HEX,VERB,ccomp,VERB,ccomp,322,PROVISIONAL
grc,HEX,VERB,conj,VERB,conj,3025,PROVISIONAL
grc,HEX,VERB,csubj,VERB,csubj,69,PROVISIONAL
grc,HEX,VERB,nmod,VERB,nmod,385,PROVISIONAL
grc,HEX,VERB,nsubj,VERB,nsubj,7,PROVISIONAL
grc,HEX,VERB,obl,VERB,obl,4,PROVISIONAL
grc,HEX,VERB,parataxis,VERB,parataxis,22,PROVISIONAL
grc,HEX,VERB,root,VERB,root,6697,PROVISIONAL
grc,HEX,VERB,vocative,VERB,vocative,8,PROVISIONAL
grc,HEX,VERB,xcomp,VERB,xcomp,1102,PROVISIONAL
grc,HEX,X,nmod,X,nmod,6,PROVISIONAL
grc,HEX,X,nsubj,X,nsubj,3,PROVISIONAL
grc,HEX,X,obj,X,obj,3,PROVISIONAL
grc,HEX,X,root,X,root,3,PROVISIONAL
grc,HEX,X,vocative,X,vocative,1,PROVISIONAL
grc,OTHER_VERSE,ADJ,advcl,ADJ,advcl,19,PROVISIONAL
grc,OTHER_VERSE,ADJ,advmod,ADJ,advmod,225,PROVISIONAL
grc,OTHER_VERSE,ADJ,amod,ADJ,amod,174,PROVISIONAL
grc,OTHER_VERSE,ADJ,appos,ADJ,appos,8,PROVISIONAL
grc,OTHER_VERSE,ADJ,conj,ADJ,conj,90,PROVISIONAL
grc,OTHER_VERSE,ADJ,iobj,ADJ,iobj,17,PROVISIONAL
grc,OTHER_VERSE,ADJ,nmod,ADJ,nmod,1435,PROVISIONAL
grc,OTHER_VERSE,ADJ,nsubj,ADJ,nsubj,209,PROVISIONAL
grc,OTHER_VERSE,ADJ,obj,ADJ,obj,511,PROVISIONAL
grc,OTHER_VERSE,ADJ,obl,ADJ,obl,115,PROVISIONAL
grc,OTHER_VERSE,ADJ,parataxis,ADJ,parataxis,1,PROVISIONAL
grc,OTHER_VERSE,ADJ,root,ADJ,root,69,PROVISIONAL
grc,OTHER_VERSE,ADJ,vocative,ADJ,vocative,72,PROVISIONAL
grc,OTHER_VERSE,ADJ,xcomp,ADJ,xcomp,410,PROVISIONAL
grc,OTHER_VERSE,ADP,advcl,ADP,advcl,1,PROVISIONAL
grc,OTHER_VERSE,ADP,case,ADP,case,827,PROVISIONAL
grc,OTHER_VERSE,ADP,cc,ADP,cc,4,PROVISIONAL
grc,OTHER_VERSE,ADP,conj,ADP,conj,1,PROVISIONAL
grc,OTHER_VERSE,ADP,mark,ADP,mark,4,PROVISIONAL
grc,OTHER_VERSE,ADP,nmod,ADP,nmod,3,PROVISIONAL
grc,OTHER_VERSE,ADP,nsubj,ADP,nsubj,1,PROVISIONAL
grc,OTHER_VERSE,ADP,obj,ADP,obj,3,PROVISIONAL
grc,OTHER_VERSE,ADP,root,ADP,root,10,PROVISIONAL
grc,OTHER_VERSE,ADV,advmod,ADV,advmod,1688,PROVISIONAL
grc,OTHER_VERSE,ADV,case,ADV,case,23,PROVISIONAL
grc,OTHER_VERSE,ADV,cc,ADV,cc,23,PROVISIONAL
grc,OTHER_VERSE,ADV,conj,ADV,conj,7,PROVISIONAL
grc,OTHER_VERSE,ADV,mark,ADV,mark,49,PROVISIONAL
grc,OTHER_VERSE,ADV,nmod,ADV,nmod,48,PROVISIONAL
grc,OTHER_VERSE,ADV,nsubj,ADV,nsubj,3,PROVISIONAL
grc,OTHER_VERSE,ADV,obj,ADV,obj,102,PROVISIONAL
grc,OTHER_VERSE,ADV,root,ADV,root,2,PROVISIONAL
grc,OTHER_VERSE,ADV,vocative,ADV,vocative,4,PROVISIONAL
grc,OTHER_VERSE,ADV,xcomp,ADV,xcomp,2,PROVISIONAL
grc,OTHER_VERSE,AUX,aux,AUX,aux,11,PROVISIONAL
grc,OTHER_VERSE,AUX,cop,AUX,cop,229,PROVISIONAL
grc,OTHER_VERSE,CCONJ,advmod,CCONJ,advmod,472,PROVISIONAL
grc,OTHER_VERSE,CCONJ,cc,CCONJ,cc,338,PROVISIONAL
grc,OTHER_VERSE,CCONJ,mark,CCONJ,mark,35,PROVISIONAL
grc,OTHER_VERSE,DET,advmod,DET,advmod,4,PROVISIONAL
grc,OTHER_VERSE,DET,det,DET,det,886,PROVISIONAL
grc,OTHER_VERSE,INTJ,discourse,INTJ,discourse,176,PROVISIONAL
grc,OTHER_VERSE,INTJ,vocative,INTJ,vocative,37,PROVISIONAL
grc,OTHER_VERSE,NOUN,acl,NOUN,acl,2,PROVISIONAL
grc,OTHER_VERSE,NOUN,advcl,NOUN,advcl,16,PROVISIONAL
grc,OTHER_VERSE,NOUN,appos,NOUN,appos,37,PROVISIONAL
grc,OTHER_VERSE,NOUN,case,NOUN,case,7,PROVISIONAL
grc,OTHER_VERSE,NOUN,conj,NOUN,conj,177,PROVISIONAL
grc,OTHER_VERSE,NOUN,iobj,NOUN,iobj,65,PROVISIONAL
grc,OTHER_VERSE,NOUN,nmod,NOUN,nmod,700,PROVISIONAL
grc,OTHER_VERSE,NOUN,nsubj,NOUN,nsubj,613,PROVISIONAL
grc,OTHER_VERSE,NOUN,obj,NOUN,obj,1256,PROVISIONAL
grc,OTHER_VERSE,NOUN,obl,NOUN,obl,824,PROVISIONAL
grc,OTHER_VERSE,NOUN,root,NOUN,root,29,PROVISIONAL
grc,OTHER_VERSE,NOUN,vocative,NOUN,vocative,249,PROVISIONAL
grc,OTHER_VERSE,NOUN,xcomp,NOUN,xcomp,120,PROVISIONAL
grc,OTHER_VERSE,NUM,advcl,NUM,advcl,1,PROVISIONAL
grc,OTHER_VERSE,NUM,nsubj,NUM,nsubj,1,PROVISIONAL
grc,OTHER_VERSE,NUM,nummod,NUM,nummod,15,PROVISIONAL
grc,OTHER_VERSE,NUM,obj,NUM,obj,1,PROVISIONAL
grc,OTHER_VERSE,NUM,obl,NUM,obl,1,PROVISIONAL
grc,OTHER_VERSE,NUM,root,NUM,root,1,PROVISIONAL
grc,OTHER_VERSE,NUM,xcomp,NUM,xcomp,1,PROVISIONAL
grc,OTHER_VERSE,PART,advmod,PART,advmod,1934,PROVISIONAL
grc,OTHER_VERSE,PART,cc,PART,cc,419,PROVISIONAL
grc,OTHER_VERSE,PART,mark,PART,mark,1,PROVISIONAL
grc,OTHER_VERSE,PART,nmod,PART,nmod,1,PROVISIONAL
grc,OTHER_VERSE,PART,obj,PART,obj,1,PROVISIONAL
grc,OTHER_VERSE,PART,vocative,PART,vocative,1,PROVISIONAL
grc,OTHER_VERSE,PRON,acl,PRON,acl,2,PROVISIONAL
grc,OTHER_VERSE,PRON,appos,PRON,appos,1,PROVISIONAL
grc,OTHER_VERSE,PRON,conj,PRON,conj,27,PROVISIONAL
grc,OTHER_VERSE,PRON,iobj,PRON,iobj,111,PROVISIONAL
grc,OTHER_VERSE,PRON,nmod,PRON,nmod,469,PROVISIONAL
grc,OTHER_VERSE,PRON,nsubj,PRON,nsubj,562,PROVISIONAL
grc,OTHER_VERSE,PRON,obj,PRON,obj,757,PROVISIONAL
grc,OTHER_VERSE,PRON,obl,PRON,obl,365,PROVISIONAL
grc,OTHER_VERSE,PRON,parataxis,PRON,parataxis,2,PROVISIONAL
grc,OTHER_VERSE,PRON,root,PRON,root,17,PROVISIONAL
grc,OTHER_VERSE,PRON,vocative,PRON,vocative,18,PROVISIONAL
grc,OTHER_VERSE,PRON,xcomp,PRON,xcomp,9,PROVISIONAL
grc,OTHER_VERSE,PUNCT,punct,PUNCT,punct,4373,PROVISIONAL
grc,OTHER_VERSE,SCONJ,case,SCONJ,case,6,PROVISIONAL
grc,OTHER_VERSE,SCONJ,mark,SCONJ,mark,412,PROVISIONAL
grc,OTHER_VERSE,SCONJ,nmod,SCONJ,nmod,1,PROVISIONAL
grc,OTHER_VERSE,VERB,acl,VERB,acl,204,PROVISIONAL
grc,OTHER_VERSE,VERB,advcl,VERB,advcl,1141,PROVISIONAL
grc,OTHER_VERSE,VERB,appos,VERB,appos,37,PROVISIONAL
grc,OTHER_VERSE,VERB,case,VERB,case,1,PROVISIONAL
grc,OTHER_VERSE,VERB,ccomp,VERB,ccomp,216,PROVISIONAL
grc,OTHER_VERSE,VERB,conj,VERB,conj,386,PROVISIONAL
grc,OTHER_VERSE,VERB,csubj,VERB,csubj,137,PROVISIONAL
grc,OTHER_VERSE,VERB,nmod,VERB,nmod,140,PROVISIONAL
grc,OTHER_VERSE,VERB,nsubj,VERB,nsubj,24,PROVISIONAL
grc,OTHER_VERSE,VERB,obl,VERB,obl,5,PROVISIONAL
grc,OTHER_VERSE,VERB,parataxis,VERB,parataxis,62,PROVISIONAL
grc,OTHER_VERSE,VERB,root,VERB,root,2396,PROVISIONAL
grc,OTHER_VERSE,VERB,vocative,VERB,vocative,4,PROVISIONAL
grc,OTHER_VERSE,VERB,xcomp,VERB,xcomp,503,PROVISIONAL
grc,OTHER_VERSE,X,conj,X,conj,1,PROVISIONAL
grc,OTHER_VERSE,X,nmod,X,nmod,1,PROVISIONAL
grc,OTHER_VERSE,X,obj,X,obj,1,PROVISIONAL
grc,OTHER_VERSE,X,root,X,root,2,PROVISIONAL
grc,OTHER_VERSE,X,vocative,X,vocative,1,PROVISIONAL
grc,PROSE_CLASS,ADJ,advcl,ADJ,advcl,49,PROVISIONAL
grc,PROSE_CLASS,ADJ,advmod,ADJ,advmod,274,PROVISIONAL
grc,PROSE_CLASS,ADJ,amod,ADJ,amod,183,PROVISIONAL
grc,PROSE_CLASS,ADJ,appos,ADJ,appos,8,PROVISIONAL
grc,PROSE_CLASS,ADJ,conj,ADJ,conj,151,PROVISIONAL
grc,PROSE_CLASS,ADJ,iobj,ADJ,iobj,8,PROVISIONAL
grc,PROSE_CLASS,ADJ,nmod,ADJ,nmod,1150,PROVISIONAL
grc,PROSE_CLASS,ADJ,nsubj,ADJ,nsubj,161,PROVISIONAL
grc,PROSE_CLASS,ADJ,obj,ADJ,obj,241,PROVISIONAL
grc,PROSE_CLASS,ADJ,obl,ADJ,obl,121,PROVISIONAL
grc,PROSE_CLASS,ADJ,root,ADJ,root,70,PROVISIONAL
grc,PROSE_CLASS,ADJ,vocative,ADJ,vocative,1,PROVISIONAL
grc,PROSE_CLASS,ADJ,xcomp,ADJ,xcomp,199,PROVISIONAL
grc,PROSE_CLASS,ADP,case,ADP,case,1688,PROVISIONAL
grc,PROSE_CLASS,ADP,nmod,ADP,nmod,3,PROVISIONAL
grc,PROSE_CLASS,ADP,obj,ADP,obj,1,PROVISIONAL
grc,PROSE_CLASS,ADV,advcl,ADV,advcl,1,PROVISIONAL
grc,PROSE_CLASS,ADV,advmod,ADV,advmod,3894,PROVISIONAL
grc,PROSE_CLASS,ADV,cc,ADV,cc,3,PROVISIONAL
grc,PROSE_CLASS,ADV,conj,ADV,conj,7,PROVISIONAL
grc,PROSE_CLASS,ADV,nmod,ADV,nmod,34,PROVISIONAL
grc,PROSE_CLASS,ADV,nsubj,ADV,nsubj,3,PROVISIONAL
grc,PROSE_CLASS,ADV,obj,ADV,obj,5,PROVISIONAL
grc,PROSE_CLASS,ADV,obl,ADV,obl,1,PROVISIONAL
grc,PROSE_CLASS,ADV,root,ADV,root,8,PROVISIONAL
grc,PROSE_CLASS,ADV,xcomp,ADV,xcomp,9,PROVISIONAL
grc,PROSE_CLASS,AUX,cop,AUX,cop,503,PROVISIONAL
grc,PROSE_CLASS,CCONJ,advmod,CCONJ,advmod,3,PROVISIONAL
grc,PROSE_CLASS,CCONJ,cc,CCONJ,cc,1182,PROVISIONAL
grc,PROSE_CLASS,CCONJ,mark,CCONJ,mark,94,PROVISIONAL
grc,PROSE_CLASS,DET,advmod,DET,advmod,7,PROVISIONAL
grc,PROSE_CLASS,DET,det,DET,det,3359,PROVISIONAL
grc,PROSE_CLASS,INTJ,discourse,INTJ,discourse,39,PROVISIONAL
grc,PROSE_CLASS,NOUN,acl,NOUN,acl,34,PROVISIONAL
grc,PROSE_CLASS,NOUN,advcl,NOUN,advcl,16,PROVISIONAL
grc,PROSE_CLASS,NOUN,appos,NOUN,appos,18,PROVISIONAL
grc,PROSE_CLASS,NOUN,conj,NOUN,conj,363,PROVISIONAL
grc,PROSE_CLASS,NOUN,iobj,NOUN,iobj,73,PROVISIONAL
grc,PROSE_CLASS,NOUN,nmod,NOUN,nmod,952,PROVISIONAL
grc,PROSE_CLASS,NOUN,nsubj,NOUN,nsubj,1203,PROVISIONAL
grc,PROSE_CLASS,NOUN,obj,NOUN,obj,1277,PROVISIONAL
grc,PROSE_CLASS,NOUN,obl,NOUN,obl,1342,PROVISIONAL
grc,PROSE_CLASS,NOUN,root,NOUN,root,52,PROVISIONAL
grc,PROSE_CLASS,NOUN,vocative,NOUN,vocative,53,PROVISIONAL
grc,PROSE_CLASS,NOUN,xcomp,NOUN,xcomp,135,PROVISIONAL
grc,PROSE_CLASS,NUM,conj,NUM,conj,5,PROVISIONAL
grc,PROSE_CLASS,NUM,nummod,NUM,nummod,40,PROVISIONAL
grc,PROSE_CLASS,PRON,acl,PRON,acl,8,PROVISIONAL
grc,PROSE_CLASS,PRON,advcl,PRON,advcl,5,PROVISIONAL
grc,PROSE_CLASS,PRON,appos,PRON,appos,3,PROVISIONAL
grc,PROSE_CLASS,PRON,conj,PRON,conj,30,PROVISIONAL
grc,PROSE_CLASS,PRON,iobj,PRON,iobj,123,PROVISIONAL
grc,PROSE_CLASS,PRON,nmod,PRON,nmod,252,PROVISIONAL
grc,PROSE_CLASS,PRON,nsubj,PRON,nsubj,481,PROVISIONAL
grc,PROSE_CLASS,PRON,obj,PRON,obj,732,PROVISIONAL
grc,PROSE_CLASS,PRON,obl,PRON,obl,438,PROVISIONAL
grc,PROSE_CLASS,PRON,root,PRON,root,12,PROVISIONAL
grc,PROSE_CLASS,PRON,xcomp,PRON,xcomp,34,PROVISIONAL
grc,PROSE_CLASS,PUNCT,punct,PUNCT,punct,3225,PROVISIONAL
grc,PROSE_CLASS,SCONJ,case,SCONJ,case,4,PROVISIONAL
grc,PROSE_CLASS,SCONJ,mark,SCONJ,mark,427,PROVISIONAL
grc,PROSE_CLASS,VERB,acl,VERB,acl,225,PROVISIONAL
grc,PROSE_CLASS,VERB,advcl,VERB,advcl,1568,PROVISIONAL
grc,PROSE_CLASS,VERB,appos,VERB,appos,24,PROVISIONAL
grc,PROSE_CLASS,VERB,ccomp,VERB,ccomp,307,PROVISIONAL
grc,PROSE_CLASS,VERB,conj,VERB,conj,719,PROVISIONAL
grc,PROSE_CLASS,VERB,csubj,VERB,csubj,102,PROVISIONAL
grc,PROSE_CLASS,VERB,nmod,VERB,nmod,249,PROVISIONAL
grc,PROSE_CLASS,VERB,nsubj,VERB,nsubj,44,PROVISIONAL
grc,PROSE_CLASS,VERB,obl,VERB,obl,26,PROVISIONAL
grc,PROSE_CLASS,VERB,parataxis,VERB,parataxis,3,PROVISIONAL
grc,PROSE_CLASS,VERB,root,VERB,root,1481,PROVISIONAL
grc,PROSE_CLASS,VERB,vocative,VERB,vocative,1,PROVISIONAL
grc,PROSE_CLASS,VERB,xcomp,VERB,xcomp,420,PROVISIONAL
grc,PROSE_CLASS,X,nmod,X,nmod,3,PROVISIONAL
grc,PROSE_CLASS,X,root,X,root,1,PROVISIONAL
grc,PROSE_CLASS,X,xcomp,X,xcomp,1,PROVISIONAL
grc,PROSE_POST,ADJ,advcl,ADJ,advcl,61,PROVISIONAL
grc,PROSE_POST,ADJ,advmod,ADJ,advmod,330,PROVISIONAL
grc,PROSE_POST,ADJ,amod,ADJ,amod,339,PROVISIONAL
grc,PROSE_POST,ADJ,appos,ADJ,appos,1,PROVISIONAL
grc,PROSE_POST,ADJ,conj,ADJ,conj,248,PROVISIONAL
grc,PROSE_POST,ADJ,iobj,ADJ,iobj,26,PROVISIONAL
grc,PROSE_POST,ADJ,nmod,ADJ,nmod,2155,PROVISIONAL
grc,PROSE_POST,ADJ,nsubj,ADJ,nsubj,229,PROVISIONAL
grc,PROSE_POST,ADJ,obj,ADJ,obj,394,PROVISIONAL
grc,PROSE_POST,ADJ,obl,ADJ,obl,210,PROVISIONAL
grc,PROSE_POST,ADJ,parataxis,ADJ,parataxis,2,PROVISIONAL
grc,PROSE_POST,ADJ,root,ADJ,root,116,PROVISIONAL
grc,PROSE_POST,ADJ,vocative,ADJ,vocative,12,PROVISIONAL
grc,PROSE_POST,ADJ,xcomp,ADJ,xcomp,375,PROVISIONAL
grc,PROSE_POST,ADP,case,ADP,case,3643,PROVISIONAL
grc,PROSE_POST,ADP,mark,ADP,mark,12,PROVISIONAL
grc,PROSE_POST,ADP,nmod,ADP,nmod,1,PROVISIONAL
grc,PROSE_POST,ADP,obj,ADP,obj,1,PROVISIONAL
grc,PROSE_POST,ADV,advcl,ADV,advcl,4,PROVISIONAL
grc,PROSE_POST,ADV,advmod,ADV,advmod,5933,PROVISIONAL
grc,PROSE_POST,ADV,case,ADV,case,2,PROVISIONAL
grc,PROSE_POST,ADV,cc,ADV,cc,7,PROVISIONAL
grc,PROSE_POST,ADV,conj,ADV,conj,25,PROVISIONAL
grc,PROSE_POST,ADV,nmod,ADV,nmod,53,PROVISIONAL
grc,PROSE_POST,ADV,nsubj,ADV,nsubj,1,PROVISIONAL
grc,PROSE_POST,ADV,obj,ADV,obj,8,PROVISIONAL
grc,PROSE_POST,ADV,obl,ADV,obl,2,PROVISIONAL
grc,PROSE_POST,ADV,root,ADV,root,3,PROVISIONAL
grc,PROSE_POST,ADV,xcomp,ADV,xcomp,4,PROVISIONAL
grc,PROSE_POST,AUX,conj,AUX,conj,1,PROVISIONAL
grc,PROSE_POST,AUX,cop,AUX,cop,562,PROVISIONAL
grc,PROSE_POST,CCONJ,advmod,CCONJ,advmod,7,PROVISIONAL
grc,PROSE_POST,CCONJ,case,CCONJ,case,3,PROVISIONAL
grc,PROSE_POST,CCONJ,cc,CCONJ,cc,1981,PROVISIONAL
grc,PROSE_POST,CCONJ,conj,CCONJ,conj,1,PROVISIONAL
grc,PROSE_POST,CCONJ,mark,CCONJ,mark,55,PROVISIONAL
grc,PROSE_POST,CCONJ,nmod,CCONJ,nmod,1,PROVISIONAL
grc,PROSE_POST,CCONJ,obj,CCONJ,obj,1,PROVISIONAL
grc,PROSE_POST,CCONJ,obl,CCONJ,obl,1,PROVISIONAL
grc,PROSE_POST,DET,advmod,DET,advmod,3,PROVISIONAL
grc,PROSE_POST,DET,det,DET,det,7188,PROVISIONAL
grc,PROSE_POST,DET,root,DET,root,1,PROVISIONAL
grc,PROSE_POST,DET,xcomp,DET,xcomp,3,PROVISIONAL
grc,PROSE_POST,INTJ,discourse,INTJ,discourse,51,PROVISIONAL
grc,PROSE_POST,INTJ,vocative,INTJ,vocative,2,PROVISIONAL
grc,PROSE_POST,NOUN,acl,NOUN,acl,22,PROVISIONAL
grc,PROSE_POST,NOUN,advcl,NOUN,advcl,30,PROVISIONAL
grc,PROSE_POST,NOUN,appos,NOUN,appos,48,PROVISIONAL
grc,PROSE_POST,NOUN,case,NOUN,case,2,PROVISIONAL
grc,PROSE_POST,NOUN,conj,NOUN,conj,721,PROVISIONAL
grc,PROSE_POST,NOUN,iobj,NOUN,iobj,141,PROVISIONAL
grc,PROSE_POST,NOUN,nmod,NOUN,nmod,2211,PROVISIONAL
grc,PROSE_POST,NOUN,nsubj,NOUN,nsubj,2354,PROVISIONAL
grc,PROSE_POST,NOUN,nsubj:outer,NOUN,nsubj,1,PROVISIONAL
grc,PROSE_POST,NOUN,obj,NOUN,obj,2661,PROVISIONAL
grc,PROSE_POST,NOUN,obl,NOUN,obl,2773,PROVISIONAL
grc,PROSE_POST,NOUN,orphan,NOUN,orphan,2,PROVISIONAL
grc,PROSE_POST,NOUN,root,NOUN,root,74,PROVISIONAL
grc,PROSE_POST,NOUN,vocative,NOUN,vocative,84,PROVISIONAL
grc,PROSE_POST,NOUN,xcomp,NOUN,xcomp,272,PROVISIONAL
grc,PROSE_POST,NUM,advcl,NUM,advcl,1,PROVISIONAL
grc,PROSE_POST,NUM,conj,NUM,conj,4,PROVISIONAL
grc,PROSE_POST,NUM,nsubj,NUM,nsubj,1,PROVISIONAL
grc,PROSE_POST,NUM,nummod,NUM,nummod,30,PROVISIONAL
grc,PROSE_POST,NUM,obl,NUM,obl,1,PROVISIONAL
grc,PROSE_POST,PRON,acl,PRON,acl,7,PROVISIONAL
grc,PROSE_POST,PRON,advcl,PRON,advcl,4,PROVISIONAL
grc,PROSE_POST,PRON,conj,PRON,conj,26,PROVISIONAL
grc,PROSE_POST,PRON,iobj,PRON,iobj,127,PROVISIONAL
grc,PROSE_POST,PRON,nmod,PRON,nmod,361,PROVISIONAL
grc,PROSE_POST,PRON,nsubj,PRON,nsubj,553,PROVISIONAL
grc,PROSE_POST,PRON,obj,PRON,obj,697,PROVISIONAL
grc,PROSE_POST,PRON,obl,PRON,obl,578,PROVISIONAL
grc,PROSE_POST,PRON,root,PRON,root,17,PROVISIONAL
grc,PROSE_POST,PRON,vocative,PRON,vocative,5,PROVISIONAL
grc,PROSE_POST,PRON,xcomp,PRON,xcomp,45,PROVISIONAL
grc,PROSE_POST,PUNCT,punct,PUNCT,punct,5666,PROVISIONAL
grc,PROSE_POST,SCONJ,case,SCONJ,case,7,PROVISIONAL
grc,PROSE_POST,SCONJ,mark,SCONJ,mark,632,PROVISIONAL
grc,PROSE_POST,SCONJ,xcomp,SCONJ,xcomp,1,PROVISIONAL
grc,PROSE_POST,VERB,acl,VERB,acl,245,PROVISIONAL
grc,PROSE_POST,VERB,advcl,VERB,advcl,2521,PROVISIONAL
grc,PROSE_POST,VERB,appos,VERB,appos,15,PROVISIONAL
grc,PROSE_POST,VERB,ccomp,VERB,ccomp,539,PROVISIONAL
grc,PROSE_POST,VERB,conj,VERB,conj,1167,PROVISIONAL
grc,PROSE_POST,VERB,csubj,VERB,csubj,145,PROVISIONAL
grc,PROSE_POST,VERB,nmod,VERB,nmod,601,PROVISIONAL
grc,PROSE_POST,VERB,nsubj,VERB,nsubj,97,PROVISIONAL
grc,PROSE_POST,VERB,obl,VERB,obl,79,PROVISIONAL
grc,PROSE_POST,VERB,parataxis,VERB,parataxis,10,PROVISIONAL
grc,PROSE_POST,VERB,root,VERB,root,2651,PROVISIONAL
grc,PROSE_POST,VERB,vocative,VERB,vocative,4,PROVISIONAL
grc,PROSE_POST,VERB,xcomp,VERB,xcomp,818,PROVISIONAL
grc,PROSE_POST,X,nmod,X,nmod,1,PROVISIONAL
grc,PROSE_POST,X,obj,X,obj,1,PROVISIONAL
grc,PROSE_POST,X,obl,X,obl,3,PROVISIONAL
la,EXCLUDED,ADJ,advcl,ADJ,advcl,2,PROVISIONAL
la,EXCLUDED,ADJ,amod,ADJ,amod,69,PROVISIONAL
la,EXCLUDED,ADJ,conj,ADJ,conj,9,PROVISIONAL
la,EXCLUDED,ADJ,nsubj,ADJ,nsubj,6,PROVISIONAL
la,EXCLUDED,ADJ,obj,ADJ,obj,3,PROVISIONAL
la,EXCLUDED,ADJ,root,ADJ,root,2,PROVISIONAL
la,EXCLUDED,ADP,case,ADP,case,168,PROVISIONAL
la,EXCLUDED,ADP,mark,ADP,mark,1,PROVISIONAL
la,EXCLUDED,ADV,advmod,ADV,advmod,37,PROVISIONAL
la,EXCLUDED,ADV,advmod:emph,ADV,advmod,2,PROVISIONAL
la,EXCLUDED,ADV,advmod:lmod,ADV,advmod,2,PROVISIONAL
la,EXCLUDED,ADV,advmod:tmod,ADV,advmod,1,PROVISIONAL
la,EXCLUDED,ADV,cc,ADV,cc,1,PROVISIONAL
la,EXCLUDED,ADV,conj,ADV,conj,1,PROVISIONAL
la,EXCLUDED,ADV,mark,ADV,mark,1,PROVISIONAL
la,EXCLUDED,ADV,obl,ADV,obl,2,PROVISIONAL
la,EXCLUDED,AUX,cop,AUX,cop,12,PROVISIONAL
la,EXCLUDED,CCONJ,advmod:emph,CCONJ,advmod,4,PROVISIONAL
la,EXCLUDED,CCONJ,cc,CCONJ,cc,257,PROVISIONAL
la,EXCLUDED,CCONJ,conj,CCONJ,conj,1,PROVISIONAL
la,EXCLUDED,CCONJ,nmod,CCONJ,nmod,2,PROVISIONAL
la,EXCLUDED,DET,det,DET,det,53,PROVISIONAL
la,EXCLUDED,DET,nmod,DET,nmod,2,PROVISIONAL
la,EXCLUDED,DET,nsubj,DET,nsubj,9,PROVISIONAL
la,EXCLUDED,DET,obj,DET,obj,7,PROVISIONAL
la,EXCLUDED,DET,obl,DET,obl,16,PROVISIONAL
la,EXCLUDED,DET,obl:arg,DET,obl,5,PROVISIONAL
la,EXCLUDED,INTJ,discourse,INTJ,discourse,3,PROVISIONAL
la,EXCLUDED,NOUN,acl:relcl,NOUN,acl,2,PROVISIONAL
la,EXCLUDED,NOUN,advcl:cmp,NOUN,advcl,4,PROVISIONAL
la,EXCLUDED,NOUN,appos,NOUN,appos,2,PROVISIONAL
la,EXCLUDED,NOUN,conj,NOUN,conj,63,PROVISIONAL
la,EXCLUDED,NOUN,conj:expl,NOUN,conj,1,PROVISIONAL
la,EXCLUDED,NOUN,nmod,NOUN,nmod,111,PROVISIONAL
la,EXCLUDED,NOUN,nsubj,NOUN,nsubj,60,PROVISIONAL
la,EXCLUDED,NOUN,nsubj:pass,NOUN,nsubj,11,PROVISIONAL
la,EXCLUDED,NOUN,obj,NOUN,obj,135,PROVISIONAL
la,EXCLUDED,NOUN,obl,NOUN,obl,114,PROVISIONAL
la,EXCLUDED,NOUN,obl:arg,NOUN,obl,9,PROVISIONAL
la,EXCLUDED,NOUN,root,NOUN,root,4,PROVISIONAL
la,EXCLUDED,NOUN,vocative,NOUN,vocative,2,PROVISIONAL
la,EXCLUDED,NOUN,xcomp,NOUN,xcomp,1,PROVISIONAL
la,EXCLUDED,NUM,conj:expl,NUM,conj,1,PROVISIONAL
la,EXCLUDED,NUM,flat,NUM,flat,6,PROVISIONAL
la,EXCLUDED,NUM,nummod,NUM,nummod,41,PROVISIONAL
la,EXCLUDED,PART,advmod:neg,PART,advmod,17,PROVISIONAL
la,EXCLUDED,PART,discourse,PART,discourse,4,PROVISIONAL
la,EXCLUDED,PRON,advcl,PRON,advcl,1,PROVISIONAL
la,EXCLUDED,PRON,advcl:pred,PRON,advcl,1,PROVISIONAL
la,EXCLUDED,PRON,conj,PRON,conj,1,PROVISIONAL
la,EXCLUDED,PRON,nmod,PRON,nmod,28,PROVISIONAL
la,EXCLUDED,PRON,nsubj,PRON,nsubj,33,PROVISIONAL
la,EXCLUDED,PRON,nsubj:pass,PRON,nsubj,3,PROVISIONAL
la,EXCLUDED,PRON,obj,PRON,obj,31,PROVISIONAL
la,EXCLUDED,PRON,obl,PRON,obl,28,PROVISIONAL
la,EXCLUDED,PRON,obl:arg,PRON,obl,4,PROVISIONAL
la,EXCLUDED,PROPN,conj,NOUN,conj,1,PROVISIONAL
la,EXCLUDED,PROPN,nmod,NOUN,nmod,5,PROVISIONAL
la,EXCLUDED,PROPN,xcomp,NOUN,xcomp,1,PROVISIONAL
la,EXCLUDED,PUNCT,punct,PUNCT,punct,161,PROVISIONAL
la,EXCLUDED,SCONJ,mark,SCONJ,mark,51,PROVISIONAL
la,EXCLUDED,VERB,acl,VERB,acl,1,PROVISIONAL
la,EXCLUDED,VERB,acl:relcl,VERB,acl,21,PROVISIONAL
la,EXCLUDED,VERB,advcl,VERB,advcl,57,PROVISIONAL
la,EXCLUDED,VERB,advcl:cmp,VERB,advcl,3,PROVISIONAL
la,EXCLUDED,VERB,amod,VERB,amod,36,PROVISIONAL
la,EXCLUDED,VERB,ccomp,VERB,ccomp,11,PROVISIONAL
la,EXCLUDED,VERB,conj,VERB,conj,67,PROVISIONAL
la,EXCLUDED,VERB,csubj,VERB,csubj,13,PROVISIONAL
la,EXCLUDED,VERB,nmod,VERB,nmod,15,PROVISIONAL
la,EXCLUDED,VERB,nsubj,VERB,nsubj,1,PROVISIONAL
la,EXCLUDED,VERB,obl,VERB,obl,4,PROVISIONAL
la,EXCLUDED,VERB,root,VERB,root,148,PROVISIONAL
la,EXCLUDED,VERB,xcomp,VERB,xcomp,11,PROVISIONAL
la,HEX,ADJ,advcl,ADJ,advcl,2,PROVISIONAL
la,HEX,ADJ,advcl:cmp,ADJ,advcl,2,PROVISIONAL
la,HEX,ADJ,advcl:pred,ADJ,advcl,2,PROVISIONAL
la,HEX,ADJ,advmod,ADJ,advmod,7,PROVISIONAL
la,HEX,ADJ,amod,ADJ,amod,247,PROVISIONAL
la,HEX,ADJ,ccomp,ADJ,ccomp,3,PROVISIONAL
la,HEX,ADJ,conj,ADJ,conj,11,PROVISIONAL
la,HEX,ADJ,nmod,ADJ,nmod,2,PROVISIONAL
la,HEX,ADJ,nsubj,ADJ,nsubj,5,PROVISIONAL
la,HEX,ADJ,nsubj:pass,ADJ,nsubj,2,PROVISIONAL
la,HEX,ADJ,obj,ADJ,obj,9,PROVISIONAL
la,HEX,ADJ,obl,ADJ,obl,5,PROVISIONAL
la,HEX,ADJ,root,ADJ,root,13,PROVISIONAL
la,HEX,ADJ,vocative,ADJ,vocative,3,PROVISIONAL
la,HEX,ADJ,xcomp,ADJ,xcomp,13,PROVISIONAL
la,HEX,ADP,case,ADP,case,111,PROVISIONAL
la,HEX,ADP,cc,ADP,cc,1,PROVISIONAL
la,HEX,ADV,acl,ADV,acl,1,PROVISIONAL
la,HEX,ADV,advmod,ADV,advmod,108,PROVISIONAL
la,HEX,ADV,advmod:emph,ADV,advmod,1,PROVISIONAL
la,HEX,ADV,advmod:lmod,ADV,advmod,16,PROVISIONAL
la,HEX,ADV,advmod:tmod,ADV,advmod,20,PROVISIONAL
la,HEX,ADV,conj,ADV,conj,1,PROVISIONAL
la,HEX,ADV,discourse,ADV,discourse,3,PROVISIONAL
la,HEX,ADV,mark,ADV,mark,9,PROVISIONAL
la,HEX,ADV,obj,ADV,obj,1,PROVISIONAL
la,HEX,ADV,orphan,ADV,orphan,1,PROVISIONAL
la,HEX,AUX,aux:pass,AUX,aux,2,PROVISIONAL
la,HEX,AUX,cop,AUX,cop,43,PROVISIONAL
la,HEX,CCONJ,advmod,CCONJ,advmod,3,PROVISIONAL
la,HEX,CCONJ,advmod:emph,CCONJ,advmod,12,PROVISIONAL
la,HEX,CCONJ,cc,CCONJ,cc,227,PROVISIONAL
la,HEX,DET,advcl:pred,DET,advcl,1,PROVISIONAL
la,HEX,DET,advmod,DET,advmod,1,PROVISIONAL
la,HEX,DET,amod,DET,amod,2,PROVISIONAL
la,HEX,DET,conj,DET,conj,1,PROVISIONAL
la,HEX,DET,det,DET,det,88,PROVISIONAL
la,HEX,DET,det:numgov,DET,det,1,PROVISIONAL
la,HEX,DET,nmod,DET,nmod,3,PROVISIONAL
la,HEX,DET,nsubj,DET,nsubj,38,PROVISIONAL
la,HEX,DET,nsubj:pass,DET,nsubj,4,PROVISIONAL
la,HEX,DET,obj,DET,obj,25,PROVISIONAL
la,HEX,DET,obl,DET,obl,8,PROVISIONAL
la,HEX,DET,obl:arg,DET,obl,1,PROVISIONAL
la,HEX,DET,orphan,DET,orphan,1,PROVISIONAL
la,HEX,DET,root,DET,root,1,PROVISIONAL
la,HEX,INTJ,discourse,INTJ,discourse,3,PROVISIONAL
la,HEX,NOUN,advcl,NOUN,advcl,5,PROVISIONAL
la,HEX,NOUN,advcl:cmp,NOUN,advcl,2,PROVISIONAL
la,HEX,NOUN,advcl:pred,NOUN,advcl,1,PROVISIONAL
la,HEX,NOUN,appos,NOUN,appos,3,PROVISIONAL
la,HEX,NOUN,ccomp,NOUN,ccomp,3,PROVISIONAL
la,HEX,NOUN,conj,NOUN,conj,54,PROVISIONAL
la,HEX,NOUN,nmod,NOUN,nmod,84,PROVISIONAL
la,HEX,NOUN,nsubj,NOUN,nsubj,146,PROVISIONAL
la,HEX,NOUN,nsubj:pass,NOUN,nsubj,36,PROVISIONAL
la,HEX,NOUN,obj,NOUN,obj,205,PROVISIONAL
la,HEX,NOUN,obl,NOUN,obl,225,PROVISIONAL
la,HEX,NOUN,obl:arg,NOUN,obl,25,PROVISIONAL
la,HEX,NOUN,obl:cmp,NOUN,obl,1,PROVISIONAL
la,HEX,NOUN,orphan,NOUN,orphan,1,PROVISIONAL
la,HEX,NOUN,root,NOUN,root,9,PROVISIONAL
la,HEX,NOUN,vocative,NOUN,vocative,8,PROVISIONAL
la,HEX,NOUN,xcomp,NOUN,xcomp,7,PROVISIONAL
la,HEX,NUM,nummod,NUM,nummod,9,PROVISIONAL
la,HEX,NUM,obj,NUM,obj,1,PROVISIONAL
la,HEX,PART,advmod:emph,PART,advmod,10,PROVISIONAL
la,HEX,PART,advmod:neg,PART,advmod,22,PROVISIONAL
la,HEX,PART,discourse,PART,discourse,6,PROVISIONAL
la,HEX,PRON,acl:relcl,PRON,acl,1,PROVISIONAL
la,HEX,PRON,ccomp,PRON,ccomp,1,PROVISIONAL
la,HEX,PRON,nmod,PRON,nmod,2,PROVISIONAL
la,HEX,PRON,nsubj,PRON,nsubj,24,PROVISIONAL
la,HEX,PRON,nsubj:pass,PRON,nsubj,4,PROVISIONAL
la,HEX,PRON,obj,PRON,obj,33,PROVISIONAL
la,HEX,PRON,obl,PRON,obl,19,PROVISIONAL
la,HEX,PRON,obl:arg,PRON,obl,11,PROVISIONAL
la,HEX,PRON,root,PRON,root,1,PROVISIONAL
la,HEX,PROPN,advcl:pred,NOUN,advcl,1,PROVISIONAL
la,HEX,PROPN,ccomp,NOUN,ccomp,1,PROVISIONAL
la,HEX,PROPN,conj,NOUN,conj,8,PROVISIONAL
la,HEX,PROPN,conj:expl,NOUN,conj,1,PROVISIONAL
la,HEX,PROPN,flat,NOUN,flat,1,PROVISIONAL
la,HEX,PROPN,flat:name,NOUN,flat,1,PROVISIONAL
la,HEX,PROPN,nmod,NOUN,nmod,15,PROVISIONAL
la,HEX,PROPN,nsubj,NOUN,nsubj,33,PROVISIONAL
la,HEX,PROPN,nsubj:pass,NOUN,nsubj,2,PROVISIONAL
la,HEX,PROPN,obj,NOUN,obj,17,PROVISIONAL
la,HEX,PROPN,obl,NOUN,obl,7,PROVISIONAL
la,HEX,PROPN,obl:arg,NOUN,obl,2,PROVISIONAL
la,HEX,PROPN,orphan,NOUN,orphan,1,PROVISIONAL
la,HEX,PROPN,vocative,NOUN,vocative,4,PROVISIONAL
la,HEX,PROPN,xcomp,NOUN,xcomp,2,PROVISIONAL
la,HEX,PUNCT,punct,PUNCT,punct,556,PROVISIONAL
la,HEX,SCONJ,cc,SCONJ,cc,3,PROVISIONAL
la,HEX,SCONJ,mark,SCONJ,mark,48,PROVISIONAL
la,HEX,VERB,acl,VERB,acl,15,PROVISIONAL
la,HEX,VERB,acl:relcl,VERB,acl,21,PROVISIONAL
la,HEX,VERB,advcl,VERB,advcl,79,PROVISIONAL
la,HEX,VERB,advcl:abs,VERB,advcl,20,PROVISIONAL
la,HEX,VERB,advcl:pred,VERB,advcl,2,PROVISIONAL
la,HEX,VERB,amod,VERB,amod,29,PROVISIONAL
la,HEX,VERB,ccomp,VERB,ccomp,25,PROVISIONAL
la,HEX,VERB,ccomp:reported,VERB,ccomp,1,PROVISIONAL
la,HEX,VERB,conj,VERB,conj,162,PROVISIONAL
la,HEX,VERB,conj:expl,VERB,conj,1,PROVISIONAL
la,HEX,VERB,csubj,VERB,csubj,12,PROVISIONAL
la,HEX,VERB,nmod,VERB,nmod,49,PROVISIONAL
la,HEX,VERB,nsubj,VERB,nsubj,1,PROVISIONAL
la,HEX,VERB,obj,VERB,obj,2,PROVISIONAL
la,HEX,VERB,obl,VERB,obl,3,PROVISIONAL
la,HEX,VERB,orphan,VERB,orphan,1,PROVISIONAL
la,HEX,VERB,parataxis,VERB,parataxis,4,PROVISIONAL
la,HEX,VERB,root,VERB,root,227,PROVISIONAL
la,HEX,VERB,xcomp,VERB,xcomp,53,PROVISIONAL
la,HEX,X,cc,X,cc,1,PROVISIONAL
la,OTHER_VERSE,ADJ,acl:relcl,ADJ,acl,1,PROVISIONAL
la,OTHER_VERSE,ADJ,advcl,ADJ,advcl,9,PROVISIONAL
la,OTHER_VERSE,ADJ,advcl:cmp,ADJ,advcl,1,PROVISIONAL
la,OTHER_VERSE,ADJ,advcl:pred,ADJ,advcl,1,PROVISIONAL
la,OTHER_VERSE,ADJ,advmod,ADJ,advmod,3,PROVISIONAL
la,OTHER_VERSE,ADJ,amod,ADJ,amod,348,PROVISIONAL
la,OTHER_VERSE,ADJ,ccomp,ADJ,ccomp,4,PROVISIONAL
la,OTHER_VERSE,ADJ,conj,ADJ,conj,11,PROVISIONAL
la,OTHER_VERSE,ADJ,nmod,ADJ,nmod,11,PROVISIONAL
la,OTHER_VERSE,ADJ,nsubj,ADJ,nsubj,28,PROVISIONAL
la,OTHER_VERSE,ADJ,nsubj:pass,ADJ,nsubj,3,PROVISIONAL
la,OTHER_VERSE,ADJ,obj,ADJ,obj,56,PROVISIONAL
la,OTHER_VERSE,ADJ,obl,ADJ,obl,17,PROVISIONAL
la,OTHER_VERSE,ADJ,obl:arg,ADJ,obl,2,PROVISIONAL
la,OTHER_VERSE,ADJ,root,ADJ,root,32,PROVISIONAL
la,OTHER_VERSE,ADJ,vocative,ADJ,vocative,11,PROVISIONAL
la,OTHER_VERSE,ADJ,xcomp,ADJ,xcomp,59,PROVISIONAL
la,OTHER_VERSE,ADP,case,ADP,case,163,PROVISIONAL
la,OTHER_VERSE,ADP,mark,ADP,mark,2,PROVISIONAL
la,OTHER_VERSE,ADV,advcl,ADV,advcl,1,PROVISIONAL
la,OTHER_VERSE,ADV,advcl:cmp,ADV,advcl,1,PROVISIONAL
la,OTHER_VERSE,ADV,advmod,ADV,advmod,342,PROVISIONAL
la,OTHER_VERSE,ADV,advmod:emph,ADV,advmod,9,PROVISIONAL
la,OTHER_VERSE,ADV,advmod:lmod,ADV,advmod,10,PROVISIONAL
la,OTHER_VERSE,ADV,advmod:tmod,ADV,advmod,58,PROVISIONAL
la,OTHER_VERSE,ADV,case,ADV,case,1,PROVISIONAL
la,OTHER_VERSE,ADV,cc,ADV,cc,3,PROVISIONAL
la,OTHER_VERSE,ADV,discourse,ADV,discourse,9,PROVISIONAL
la,OTHER_VERSE,ADV,mark,ADV,mark,11,PROVISIONAL
la,OTHER_VERSE,ADV,nmod,ADV,nmod,1,PROVISIONAL
la,OTHER_VERSE,ADV,obj,ADV,obj,4,PROVISIONAL
la,OTHER_VERSE,ADV,orphan,ADV,orphan,1,PROVISIONAL
la,OTHER_VERSE,AUX,aux:pass,AUX,aux,2,PROVISIONAL
la,OTHER_VERSE,AUX,cop,AUX,cop,109,PROVISIONAL
la,OTHER_VERSE,CCONJ,advmod:emph,CCONJ,advmod,12,PROVISIONAL
la,OTHER_VERSE,CCONJ,cc,CCONJ,cc,220,PROVISIONAL
la,OTHER_VERSE,DET,advcl,DET,advcl,1,PROVISIONAL
la,OTHER_VERSE,DET,amod,DET,amod,2,PROVISIONAL
la,OTHER_VERSE,DET,ccomp,DET,ccomp,2,PROVISIONAL
la,OTHER_VERSE,DET,conj,DET,conj,2,PROVISIONAL
la,OTHER_VERSE,DET,det,DET,det,250,PROVISIONAL
la,OTHER_VERSE,DET,det:numgov,DET,det,1,PROVISIONAL
la,OTHER_VERSE,DET,nmod,DET,nmod,14,PROVISIONAL
la,OTHER_VERSE,DET,nsubj,DET,nsubj,75,PROVISIONAL
la,OTHER_VERSE,DET,nsubj:pass,DET,nsubj,5,PROVISIONAL
la,OTHER_VERSE,DET,obj,DET,obj,49,PROVISIONAL
la,OTHER_VERSE,DET,obl,DET,obl,19,PROVISIONAL
la,OTHER_VERSE,DET,obl:arg,DET,obl,12,PROVISIONAL
la,OTHER_VERSE,DET,root,DET,root,8,PROVISIONAL
la,OTHER_VERSE,DET,xcomp,DET,xcomp,5,PROVISIONAL
la,OTHER_VERSE,INTJ,discourse,INTJ,discourse,14,PROVISIONAL
la,OTHER_VERSE,NOUN,acl,NOUN,acl,1,PROVISIONAL
la,OTHER_VERSE,NOUN,advcl,NOUN,advcl,3,PROVISIONAL
la,OTHER_VERSE,NOUN,appos,NOUN,appos,3,PROVISIONAL
la,OTHER_VERSE,NOUN,ccomp,NOUN,ccomp,1,PROVISIONAL
la,OTHER_VERSE,NOUN,conj,NOUN,conj,32,PROVISIONAL
la,OTHER_VERSE,NOUN,iobj,NOUN,iobj,1,PROVISIONAL
la,OTHER_VERSE,NOUN,nmod,NOUN,nmod,116,PROVISIONAL
la,OTHER_VERSE,NOUN,nsubj,NOUN,nsubj,294,PROVISIONAL
la,OTHER_VERSE,NOUN,nsubj:pass,NOUN,nsubj,58,PROVISIONAL
la,OTHER_VERSE,NOUN,obj,NOUN,obj,448,PROVISIONAL
la,OTHER_VERSE,NOUN,obl,NOUN,obl,360,PROVISIONAL
la,OTHER_VERSE,NOUN,obl:arg,NOUN,obl,47,PROVISIONAL
la,OTHER_VERSE,NOUN,root,NOUN,root,8,PROVISIONAL
la,OTHER_VERSE,NOUN,vocative,NOUN,vocative,14,PROVISIONAL
la,OTHER_VERSE,NOUN,xcomp,NOUN,xcomp,14,PROVISIONAL
la,OTHER_VERSE,NUM,nsubj,NUM,nsubj,3,PROVISIONAL
la,OTHER_VERSE,NUM,nummod,NUM,nummod,6,PROVISIONAL
la,OTHER_VERSE,NUM,obj,NUM,obj,1,PROVISIONAL
la,OTHER_VERSE,NUM,obl,NUM,obl,1,PROVISIONAL
la,OTHER_VERSE,NUM,xcomp,NUM,xcomp,1,PROVISIONAL
la,OTHER_VERSE,PART,advmod:emph,PART,advmod,15,PROVISIONAL
la,OTHER_VERSE,PART,advmod:neg,PART,advmod,83,PROVISIONAL
la,OTHER_VERSE,PART,discourse,PART,discourse,23,PROVISIONAL
la,OTHER_VERSE,PRON,advcl,PRON,advcl,1,PROVISIONAL
la,OTHER_VERSE,PRON,advcl:pred,PRON,advcl,2,PROVISIONAL
la,OTHER_VERSE,PRON,conj,PRON,conj,5,PROVISIONAL
la,OTHER_VERSE,PRON,det,PRON,det,3,PROVISIONAL
la,OTHER_VERSE,PRON,nmod,PRON,nmod,12,PROVISIONAL
la,OTHER_VERSE,PRON,nsubj,PRON,nsubj,133,PROVISIONAL
la,OTHER_VERSE,PRON,nsubj:outer,PRON,nsubj,1,PROVISIONAL
la,OTHER_VERSE,PRON,nsubj:pass,PRON,nsubj,13,PROVISIONAL
la,OTHER_VERSE,PRON,obj,PRON,obj,110,PROVISIONAL
la,OTHER_VERSE,PRON,obl,PRON,obl,55,PROVISIONAL
la,OTHER_VERSE,PRON,obl:arg,PRON,obl,42,PROVISIONAL
la,OTHER_VERSE,PRON,root,PRON,root,2,PROVISIONAL
la,OTHER_VERSE,PRON,vocative,PRON,vocative,1,PROVISIONAL
la,OTHER_VERSE,PROPN,flat:name,NOUN,flat,1,PROVISIONAL
la,OTHER_VERSE,PROPN,nmod,NOUN,nmod,16,PROVISIONAL
la,OTHER_VERSE,PROPN,nsubj,NOUN,nsubj,31,PROVISIONAL
la,OTHER_VERSE,PROPN,nsubj:pass,NOUN,nsubj,2,PROVISIONAL
la,OTHER_VERSE,PROPN,obj,NOUN,obj,7,PROVISIONAL
la,OTHER_VERSE,PROPN,obl,NOUN,obl,16,PROVISIONAL
la,OTHER_VERSE,PROPN,obl:arg,NOUN,obl,2,PROVISIONAL
la,OTHER_VERSE,PROPN,vocative,NOUN,vocative,20,PROVISIONAL
la,OTHER_VERSE,PUNCT,punct,PUNCT,punct,1124,PROVISIONAL
la,OTHER_VERSE,SCONJ,cc,SCONJ,cc,2,PROVISIONAL
la,OTHER_VERSE,SCONJ,mark,SCONJ,mark,190,PROVISIONAL
la,OTHER_VERSE,SCONJ,obj,SCONJ,obj,1,PROVISIONAL
la,OTHER_VERSE,VERB,acl,VERB,acl,9,PROVISIONAL
la,OTHER_VERSE,VERB,acl:relcl,VERB,acl,51,PROVISIONAL
la,OTHER_VERSE,VERB,advcl,VERB,advcl,275,PROVISIONAL
la,OTHER_VERSE,VERB,advcl:abs,VERB,advcl,35,PROVISIONAL
la,OTHER_VERSE,VERB,advcl:cmp,VERB,advcl,6,PROVISIONAL
la,OTHER_VERSE,VERB,amod,VERB,amod,41,PROVISIONAL
la,OTHER_VERSE,VERB,ccomp,VERB,ccomp,99,PROVISIONAL
la,OTHER_VERSE,VERB,conj,VERB,conj,175,PROVISIONAL
la,OTHER_VERSE,VERB,csubj,VERB,csubj,39,PROVISIONAL
la,OTHER_VERSE,VERB,nmod,VERB,nmod,86,PROVISIONAL
la,OTHER_VERSE,VERB,nsubj,VERB,nsubj,2,PROVISIONAL
la,OTHER_VERSE,VERB,obl,VERB,obl,11,PROVISIONAL
la,OTHER_VERSE,VERB,obl:arg,VERB,obl,1,PROVISIONAL
la,OTHER_VERSE,VERB,parataxis,VERB,parataxis,33,PROVISIONAL
la,OTHER_VERSE,VERB,root,VERB,root,563,PROVISIONAL
la,OTHER_VERSE,VERB,xcomp,VERB,xcomp,153,PROVISIONAL
la,PROSE_CLASS,ADJ,acl:relcl,ADJ,acl,1,PROVISIONAL
la,PROSE_CLASS,ADJ,advcl,ADJ,advcl,8,PROVISIONAL
la,PROSE_CLASS,ADJ,advcl:cmp,ADJ,advcl,1,PROVISIONAL
la,PROSE_CLASS,ADJ,advmod,ADJ,advmod,3,PROVISIONAL
la,PROSE_CLASS,ADJ,amod,ADJ,amod,344,PROVISIONAL
la,PROSE_CLASS,ADJ,ccomp,ADJ,ccomp,2,PROVISIONAL
la,PROSE_CLASS,ADJ,conj,ADJ,conj,46,PROVISIONAL
la,PROSE_CLASS,ADJ,nmod,ADJ,nmod,10,PROVISIONAL
la,PROSE_CLASS,ADJ,nsubj,ADJ,nsubj,16,PROVISIONAL
la,PROSE_CLASS,ADJ,nsubj:pass,ADJ,nsubj,2,PROVISIONAL
la,PROSE_CLASS,ADJ,obj,ADJ,obj,14,PROVISIONAL
la,PROSE_CLASS,ADJ,obl,ADJ,obl,25,PROVISIONAL
la,PROSE_CLASS,ADJ,obl:arg,ADJ,obl,2,PROVISIONAL
la,PROSE_CLASS,ADJ,root,ADJ,root,21,PROVISIONAL
la,PROSE_CLASS,ADJ,xcomp,ADJ,xcomp,23,PROVISIONAL
la,PROSE_CLASS,ADP,case,ADP,case,450,PROVISIONAL
la,PROSE_CLASS,ADP,mark,ADP,mark,4,PROVISIONAL
la,PROSE_CLASS,ADV,advmod,ADV,advmod,389,PROVISIONAL
la,PROSE_CLASS,ADV,advmod:emph,ADV,advmod,17,PROVISIONAL
la,PROSE_CLASS,ADV,advmod:lmod,ADV,advmod,14,PROVISIONAL
la,PROSE_CLASS,ADV,advmod:tmod,ADV,advmod,77,PROVISIONAL
la,PROSE_CLASS,ADV,cc,ADV,cc,2,PROVISIONAL
la,PROSE_CLASS,ADV,conj,ADV,conj,7,PROVISIONAL
la,PROSE_CLASS,ADV,discourse,ADV,discourse,6,PROVISIONAL
la,PROSE_CLASS,ADV,mark,ADV,mark,9,PROVISIONAL
la,PROSE_CLASS,ADV,nmod,ADV,nmod,6,PROVISIONAL
la,PROSE_CLASS,ADV,obj,ADV,obj,3,PROVISIONAL
la,PROSE_CLASS,AUX,aux,AUX,aux,3,PROVISIONAL
la,PROSE_CLASS,AUX,aux:pass,AUX,aux,11,PROVISIONAL
la,PROSE_CLASS,AUX,cop,AUX,cop,78,PROVISIONAL
la,PROSE_CLASS,CCONJ,advmod:emph,CCONJ,advmod,3,PROVISIONAL
la,PROSE_CLASS,CCONJ,cc,CCONJ,cc,387,PROVISIONAL
la,PROSE_CLASS,CCONJ,conj,CCONJ,conj,1,PROVISIONAL
la,PROSE_CLASS,DET,advcl,DET,advcl,1,PROVISIONAL
la,PROSE_CLASS,DET,amod,DET,amod,4,PROVISIONAL
la,PROSE_CLASS,DET,conj,DET,conj,11,PROVISIONAL
la,PROSE_CLASS,DET,det,DET,det,334,PROVISIONAL
la,PROSE_CLASS,DET,nmod,DET,nmod,26,PROVISIONAL
la,PROSE_CLASS,DET,nsubj,DET,nsubj,71,PROVISIONAL
la,PROSE_CLASS,DET,nsubj:pass,DET,nsubj,14,PROVISIONAL
la,PROSE_CLASS,DET,obj,DET,obj,54,PROVISIONAL
la,PROSE_CLASS,DET,obl,DET,obl,26,PROVISIONAL
la,PROSE_CLASS,DET,obl:arg,DET,obl,8,PROVISIONAL
la,PROSE_CLASS,DET,root,DET,root,3,PROVISIONAL
la,PROSE_CLASS,DET,xcomp,DET,xcomp,1,PROVISIONAL
la,PROSE_CLASS,INTJ,discourse,INTJ,discourse,3,PROVISIONAL
la,PROSE_CLASS,NOUN,acl:relcl,NOUN,acl,5,PROVISIONAL
la,PROSE_CLASS,NOUN,advcl,NOUN,advcl,3,PROVISIONAL
la,PROSE_CLASS,NOUN,advcl:cmp,NOUN,advcl,5,PROVISIONAL
la,PROSE_CLASS,NOUN,advcl:pred,NOUN,advcl,4,PROVISIONAL
la,PROSE_CLASS,NOUN,amod,NOUN,amod,1,PROVISIONAL
la,PROSE_CLASS,NOUN,appos,NOUN,appos,15,PROVISIONAL
la,PROSE_CLASS,NOUN,conj,NOUN,conj,212,PROVISIONAL
la,PROSE_CLASS,NOUN,conj:expl,NOUN,conj,1,PROVISIONAL
la,PROSE_CLASS,NOUN,iobj,NOUN,iobj,1,PROVISIONAL
la,PROSE_CLASS,NOUN,nmod,NOUN,nmod,219,PROVISIONAL
la,PROSE_CLASS,NOUN,nsubj,NOUN,nsubj,195,PROVISIONAL
la,PROSE_CLASS,NOUN,nsubj:pass,NOUN,nsubj,98,PROVISIONAL
la,PROSE_CLASS,NOUN,obj,NOUN,obj,373,PROVISIONAL
la,PROSE_CLASS,NOUN,obl,NOUN,obl,514,PROVISIONAL
la,PROSE_CLASS,NOUN,obl:arg,NOUN,obl,39,PROVISIONAL
la,PROSE_CLASS,NOUN,root,NOUN,root,14,PROVISIONAL
la,PROSE_CLASS,NOUN,vocative,NOUN,vocative,7,PROVISIONAL
la,PROSE_CLASS,NOUN,xcomp,NOUN,xcomp,26,PROVISIONAL
la,PROSE_CLASS,NUM,conj,NUM,conj,3,PROVISIONAL
la,PROSE_CLASS,NUM,nsubj,NUM,nsubj,4,PROVISIONAL
la,PROSE_CLASS,NUM,nummod,NUM,nummod,31,PROVISIONAL
la,PROSE_CLASS,NUM,nummod:gov,NUM,nummod,1,PROVISIONAL
la,PROSE_CLASS,NUM,obj,NUM,obj,2,PROVISIONAL
la,PROSE_CLASS,NUM,obl,NUM,obl,3,PROVISIONAL
la,PROSE_CLASS,PART,advmod:emph,PART,advmod,1,PROVISIONAL
la,PROSE_CLASS,PART,advmod:neg,PART,advmod,70,PROVISIONAL
la,PROSE_CLASS,PART,discourse,PART,discourse,57,PROVISIONAL
la,PROSE_CLASS,PRON,amod,PRON,amod,1,PROVISIONAL
la,PROSE_CLASS,PRON,appos,PRON,appos,2,PROVISIONAL
la,PROSE_CLASS,PRON,conj,PRON,conj,3,PROVISIONAL
la,PROSE_CLASS,PRON,det,PRON,det,3,PROVISIONAL
la,PROSE_CLASS,PRON,nmod,PRON,nmod,42,PROVISIONAL
la,PROSE_CLASS,PRON,nsubj,PRON,nsubj,154,PROVISIONAL
la,PROSE_CLASS,PRON,nsubj:outer,PRON,nsubj,1,PROVISIONAL
la,PROSE_CLASS,PRON,nsubj:pass,PRON,nsubj,19,PROVISIONAL
la,PROSE_CLASS,PRON,obj,PRON,obj,127,PROVISIONAL
la,PROSE_CLASS,PRON,obl,PRON,obl,54,PROVISIONAL
la,PROSE_CLASS,PRON,obl:arg,PRON,obl,38,PROVISIONAL
la,PROSE_CLASS,PRON,root,PRON,root,2,PROVISIONAL
la,PROSE_CLASS,PROPN,conj,NOUN,conj,29,PROVISIONAL
la,PROSE_CLASS,PROPN,flat,NOUN,flat,2,PROVISIONAL
la,PROSE_CLASS,PROPN,flat:name,NOUN,flat,45,PROVISIONAL
la,PROSE_CLASS,PROPN,nmod,NOUN,nmod,27,PROVISIONAL
la,PROSE_CLASS,PROPN,nsubj,NOUN,nsubj,63,PROVISIONAL
la,PROSE_CLASS,PROPN,nsubj:pass,NOUN,nsubj,13,PROVISIONAL
la,PROSE_CLASS,PROPN,obj,NOUN,obj,23,PROVISIONAL
la,PROSE_CLASS,PROPN,obl,NOUN,obl,45,PROVISIONAL
la,PROSE_CLASS,PROPN,obl:arg,NOUN,obl,3,PROVISIONAL
la,PROSE_CLASS,PROPN,vocative,NOUN,vocative,8,PROVISIONAL
la,PROSE_CLASS,PUNCT,punct,PUNCT,punct,1226,PROVISIONAL
la,PROSE_CLASS,SCONJ,cc,SCONJ,cc,5,PROVISIONAL
la,PROSE_CLASS,SCONJ,mark,SCONJ,mark,209,PROVISIONAL
la,PROSE_CLASS,VERB,acl,VERB,acl,23,PROVISIONAL
la,PROSE_CLASS,VERB,acl:relcl,VERB,acl,95,PROVISIONAL
la,PROSE_CLASS,VERB,advcl,VERB,advcl,214,PROVISIONAL
la,PROSE_CLASS,VERB,advcl:abs,VERB,advcl,45,PROVISIONAL
la,PROSE_CLASS,VERB,advcl:cmp,VERB,advcl,10,PROVISIONAL
la,PROSE_CLASS,VERB,amod,VERB,amod,40,PROVISIONAL
la,PROSE_CLASS,VERB,ccomp,VERB,ccomp,94,PROVISIONAL
la,PROSE_CLASS,VERB,conj,VERB,conj,213,PROVISIONAL
la,PROSE_CLASS,VERB,csubj,VERB,csubj,28,PROVISIONAL
la,PROSE_CLASS,VERB,nmod,VERB,nmod,40,PROVISIONAL
la,PROSE_CLASS,VERB,nsubj,VERB,nsubj,4,PROVISIONAL
la,PROSE_CLASS,VERB,nsubj:pass,VERB,nsubj,1,PROVISIONAL
la,PROSE_CLASS,VERB,obj,VERB,obj,2,PROVISIONAL
la,PROSE_CLASS,VERB,obl,VERB,obl,6,PROVISIONAL
la,PROSE_CLASS,VERB,parataxis,VERB,parataxis,1,PROVISIONAL
la,PROSE_CLASS,VERB,root,VERB,root,495,PROVISIONAL
la,PROSE_CLASS,VERB,xcomp,VERB,xcomp,79,PROVISIONAL
la,PROSE_POST,ADJ,acl:relcl,ADJ,acl,1,PROVISIONAL
la,PROSE_POST,ADJ,advcl,ADJ,advcl,5,PROVISIONAL
la,PROSE_POST,ADJ,advcl:cmp,ADJ,advcl,2,PROVISIONAL
la,PROSE_POST,ADJ,advmod,ADJ,advmod,5,PROVISIONAL
la,PROSE_POST,ADJ,amod,ADJ,amod,390,PROVISIONAL
la,PROSE_POST,ADJ,appos,ADJ,appos,1,PROVISIONAL
la,PROSE_POST,ADJ,ccomp,ADJ,ccomp,1,PROVISIONAL
la,PROSE_POST,ADJ,conj,ADJ,conj,42,PROVISIONAL
la,PROSE_POST,ADJ,conj:expl,ADJ,conj,1,PROVISIONAL
la,PROSE_POST,ADJ,nmod,ADJ,nmod,9,PROVISIONAL
la,PROSE_POST,ADJ,nsubj,ADJ,nsubj,13,PROVISIONAL
la,PROSE_POST,ADJ,nsubj:pass,ADJ,nsubj,6,PROVISIONAL
la,PROSE_POST,ADJ,obj,ADJ,obj,35,PROVISIONAL
la,PROSE_POST,ADJ,obl,ADJ,obl,29,PROVISIONAL
la,PROSE_POST,ADJ,obl:arg,ADJ,obl,1,PROVISIONAL
la,PROSE_POST,ADJ,root,ADJ,root,23,PROVISIONAL
la,PROSE_POST,ADJ,xcomp,ADJ,xcomp,33,PROVISIONAL
la,PROSE_POST,ADP,case,ADP,case,443,PROVISIONAL
la,PROSE_POST,ADP,mark,ADP,mark,6,PROVISIONAL
la,PROSE_POST,ADV,advcl,ADV,advcl,5,PROVISIONAL
la,PROSE_POST,ADV,advmod,ADV,advmod,457,PROVISIONAL
la,PROSE_POST,ADV,advmod:emph,ADV,advmod,41,PROVISIONAL
la,PROSE_POST,ADV,advmod:lmod,ADV,advmod,14,PROVISIONAL
la,PROSE_POST,ADV,advmod:tmod,ADV,advmod,75,PROVISIONAL
la,PROSE_POST,ADV,appos,ADV,appos,1,PROVISIONAL
la,PROSE_POST,ADV,case,ADV,case,5,PROVISIONAL
la,PROSE_POST,ADV,cc,ADV,cc,1,PROVISIONAL
la,PROSE_POST,ADV,conj,ADV,conj,13,PROVISIONAL
la,PROSE_POST,ADV,discourse,ADV,discourse,18,PROVISIONAL
la,PROSE_POST,ADV,mark,ADV,mark,9,PROVISIONAL
la,PROSE_POST,ADV,nmod,ADV,nmod,5,PROVISIONAL
la,PROSE_POST,ADV,obj,ADV,obj,10,PROVISIONAL
la,PROSE_POST,ADV,obl,ADV,obl,4,PROVISIONAL
la,PROSE_POST,ADV,root,ADV,root,3,PROVISIONAL
la,PROSE_POST,ADV,xcomp,ADV,xcomp,1,PROVISIONAL
la,PROSE_POST,AUX,aux,AUX,aux,1,PROVISIONAL
la,PROSE_POST,AUX,cop,AUX,cop,108,PROVISIONAL
la,PROSE_POST,CCONJ,advmod,CCONJ,advmod,1,PROVISIONAL
la,PROSE_POST,CCONJ,advmod:emph,CCONJ,advmod,32,PROVISIONAL
la,PROSE_POST,CCONJ,cc,CCONJ,cc,414,PROVISIONAL
la,PROSE_POST,CCONJ,conj,CCONJ,conj,1,PROVISIONAL
la,PROSE_POST,CCONJ,root,CCONJ,root,1,PROVISIONAL
la,PROSE_POST,DET,acl:relcl,DET,acl,1,PROVISIONAL
la,PROSE_POST,DET,amod,DET,amod,4,PROVISIONAL
la,PROSE_POST,DET,conj,DET,conj,8,PROVISIONAL
la,PROSE_POST,DET,det,DET,det,248,PROVISIONAL
la,PROSE_POST,DET,iobj,DET,iobj,1,PROVISIONAL
la,PROSE_POST,DET,nmod,DET,nmod,22,PROVISIONAL
la,PROSE_POST,DET,nsubj,DET,nsubj,60,PROVISIONAL
la,PROSE_POST,DET,nsubj:pass,DET,nsubj,10,PROVISIONAL
la,PROSE_POST,DET,obj,DET,obj,62,PROVISIONAL
la,PROSE_POST,DET,obl,DET,obl,32,PROVISIONAL
la,PROSE_POST,DET,obl:arg,DET,obl,5,PROVISIONAL
la,PROSE_POST,DET,root,DET,root,4,PROVISIONAL
la,PROSE_POST,DET,xcomp,DET,xcomp,2,PROVISIONAL
la,PROSE_POST,INTJ,discourse,INTJ,discourse,10,PROVISIONAL
la,PROSE_POST,INTJ,obj,INTJ,obj,1,PROVISIONAL
la,PROSE_POST,NOUN,acl,NOUN,acl,1,PROVISIONAL
la,PROSE_POST,NOUN,acl:relcl,NOUN,acl,4,PROVISIONAL
la,PROSE_POST,NOUN,advcl,NOUN,advcl,4,PROVISIONAL
la,PROSE_POST,NOUN,advcl:abs,NOUN,advcl,1,PROVISIONAL
la,PROSE_POST,NOUN,advcl:cmp,NOUN,advcl,12,PROVISIONAL
la,PROSE_POST,NOUN,amod,NOUN,amod,1,PROVISIONAL
la,PROSE_POST,NOUN,appos,NOUN,appos,20,PROVISIONAL
la,PROSE_POST,NOUN,ccomp,NOUN,ccomp,2,PROVISIONAL
la,PROSE_POST,NOUN,conj,NOUN,conj,145,PROVISIONAL
la,PROSE_POST,NOUN,conj:expl,NOUN,conj,3,PROVISIONAL
la,PROSE_POST,NOUN,nmod,NOUN,nmod,198,PROVISIONAL
la,PROSE_POST,NOUN,nsubj,NOUN,nsubj,211,PROVISIONAL
la,PROSE_POST,NOUN,nsubj:pass,NOUN,nsubj,99,PROVISIONAL
la,PROSE_POST,NOUN,obj,NOUN,obj,511,PROVISIONAL
la,PROSE_POST,NOUN,obl,NOUN,obl,472,PROVISIONAL
la,PROSE_POST,NOUN,obl:arg,NOUN,obl,34,PROVISIONAL
la,PROSE_POST,NOUN,orphan,NOUN,orphan,2,PROVISIONAL
la,PROSE_POST,NOUN,parataxis,NOUN,parataxis,1,PROVISIONAL
la,PROSE_POST,NOUN,root,NOUN,root,37,PROVISIONAL
la,PROSE_POST,NOUN,vocative,NOUN,vocative,7,PROVISIONAL
la,PROSE_POST,NOUN,xcomp,NOUN,xcomp,20,PROVISIONAL
la,PROSE_POST,NUM,conj,NUM,conj,2,PROVISIONAL
la,PROSE_POST,NUM,nsubj,NUM,nsubj,2,PROVISIONAL
la,PROSE_POST,NUM,nsubj:pass,NUM,nsubj,2,PROVISIONAL
la,PROSE_POST,NUM,nummod,NUM,nummod,45,PROVISIONAL
la,PROSE_POST,NUM,obj,NUM,obj,3,PROVISIONAL
la,PROSE_POST,NUM,obl,NUM,obl,1,PROVISIONAL
la,PROSE_POST,PART,advmod:emph,PART,advmod,6,PROVISIONAL
la,PROSE_POST,PART,advmod:neg,PART,advmod,82,PROVISIONAL
la,PROSE_POST,PART,discourse,PART,discourse,81,PROVISIONAL
la,PROSE_POST,PRON,advcl,PRON,advcl,2,PROVISIONAL
la,PROSE_POST,PRON,conj,PRON,conj,5,PROVISIONAL
la,PROSE_POST,PRON,det,PRON,det,1,PROVISIONAL
la,PROSE_POST,PRON,iobj,PRON,iobj,1,PROVISIONAL
la,PROSE_POST,PRON,nmod,PRON,nmod,36,PROVISIONAL
la,PROSE_POST,PRON,nsubj,PRON,nsubj,143,PROVISIONAL
la,PROSE_POST,PRON,nsubj:pass,PRON,nsubj,11,PROVISIONAL
la,PROSE_POST,PRON,obj,PRON,obj,114,PROVISIONAL
la,PROSE_POST,PRON,obl,PRON,obl,70,PROVISIONAL
la,PROSE_POST,PRON,obl:arg,PRON,obl,42,PROVISIONAL
la,PROSE_POST,PRON,root,PRON,root,3,PROVISIONAL
la,PROSE_POST,PROPN,advcl:cmp,NOUN,advcl,1,PROVISIONAL
la,PROSE_POST,PROPN,appos,NOUN,appos,1,PROVISIONAL
la,PROSE_POST,PROPN,conj,NOUN,conj,12,PROVISIONAL
la,PROSE_POST,PROPN,flat,NOUN,flat,6,PROVISIONAL
la,PROSE_POST,PROPN,flat:name,NOUN,flat,25,PROVISIONAL
la,PROSE_POST,PROPN,flat:redup,NOUN,flat,1,PROVISIONAL
la,PROSE_POST,PROPN,nmod,NOUN,nmod,49,PROVISIONAL
la,PROSE_POST,PROPN,nsubj,NOUN,nsubj,87,PROVISIONAL
la,PROSE_POST,PROPN,nsubj:pass,NOUN,nsubj,17,PROVISIONAL
la,PROSE_POST,PROPN,obj,NOUN,obj,22,PROVISIONAL
la,PROSE_POST,PROPN,obl,NOUN,obl,41,PROVISIONAL
la,PROSE_POST,PROPN,obl:arg,NOUN,obl,11,PROVISIONAL
la,PROSE_POST,PROPN,orphan,NOUN,orphan,1,PROVISIONAL
la,PROSE_POST,PROPN,vocative,NOUN,vocative,6,PROVISIONAL
la,PROSE_POST,PROPN,xcomp,NOUN,xcomp,1,PROVISIONAL
la,PROSE_POST,PUNCT,punct,PUNCT,punct,1440,PROVISIONAL
la,PROSE_POST,SCONJ,case,SCONJ,case,7,PROVISIONAL
la,PROSE_POST,SCONJ,cc,SCONJ,cc,6,PROVISIONAL
la,PROSE_POST,SCONJ,mark,SCONJ,mark,254,PROVISIONAL
la,PROSE_POST,VERB,acl,VERB,acl,35,PROVISIONAL
la,PROSE_POST,VERB,acl:relcl,VERB,acl,84,PROVISIONAL
la,PROSE_POST,VERB,advcl,VERB,advcl,240,PROVISIONAL
la,PROSE_POST,VERB,advcl:abs,VERB,advcl,63,PROVISIONAL
la,PROSE_POST,VERB,advcl:cmp,VERB,advcl,13,PROVISIONAL
la,PROSE_POST,VERB,amod,VERB,amod,69,PROVISIONAL
la,PROSE_POST,VERB,appos,VERB,appos,1,PROVISIONAL
la,PROSE_POST,VERB,ccomp,VERB,ccomp,108,PROVISIONAL
la,PROSE_POST,VERB,conj,VERB,conj,225,PROVISIONAL
la,PROSE_POST,VERB,csubj,VERB,csubj,43,PROVISIONAL
la,PROSE_POST,VERB,csubj:pass,VERB,csubj,1,PROVISIONAL
la,PROSE_POST,VERB,nmod,VERB,nmod,48,PROVISIONAL
la,PROSE_POST,VERB,nsubj,VERB,nsubj,6,PROVISIONAL
la,PROSE_POST,VERB,nsubj:pass,VERB,nsubj,5,PROVISIONAL
la,PROSE_POST,VERB,obl,VERB,obl,8,PROVISIONAL
la,PROSE_POST,VERB,parataxis,VERB,parataxis,7,PROVISIONAL
la,PROSE_POST,VERB,root,VERB,root,649,PROVISIONAL
la,PROSE_POST,VERB,xcomp,VERB,xcomp,122,PROVISIONAL
