cell,seed,aggregation,group,n,ce_ctw_original,ce_root_original,ce_ctw_shuffled,ce_root_shuffled,g_original,g_shuffled,q
C0,0,equal_block,HEX,53009.0,4.613495024723953,4.868982783630755,4.806491295568398,4.806491295568398,0.25548775890680187,0.0,0.25548775890680187
C0,0,equal_block,PROSE_ALL,56099.0,4.239180054007151,4.7045709937736975,4.575600211832399,4.575600211832399,0.46539093976654755,0.0,0.46539093976654755
C0,0,equal_block,contrast,,0.3743149707168021,0.1644117898570574,0.23089108373599831,0.23089108373599831,-0.20990318085974569,0.0,-0.20990318085974569
C0,0,eligible_token_weighted,HEX,53009.0,4.568566491627263,4.828738088594765,4.743570737020802,4.743570737020802,0.26017159696750247,0.0,0.26017159696750247
C0,0,eligible_token_weighted,PROSE_ALL,56099.0,4.232477770990543,4.692467749398104,4.56527747544337,4.56527747544337,0.4599899784075604,0.0,0.4599899784075604
C0,0,eligible_token_weighted,contrast,,0.33608872063672024,0.13627033919666065,0.17829326157743175,0.17829326157743175,-0.19981838144005792,0.0,-0.19981838144005792
C0,1,equal_block,HEX,53009.0,4.610026089747138,4.867786101193385,4.788207594521357,4.788207594521357,0.2577600114462473,0.0,0.2577600114462473
C0,1,equal_block,PROSE_ALL,56099.0,4.237989352942693,4.705093787056278,4.575664804296981,4.575664804296981,0.46710443411358415,0.0,0.46710443411358415
C0,1,equal_block,contrast,,0.3720367368044455,0.16269231413710727,0.2125427902243766,0.2125427902243766,-0.20934442266733688,0.0,-0.20934442266733688
C0,1,eligible_token_weighted,HEX,53009.0,4.567513843715225,4.82956194669186,4.737972572955347,4.737972572955347,0.2620481029766351,0.0,0.2620481029766351
C0,1,eligible_token_weighted,PROSE_ALL,56099.0,4.231661482345903,4.692970050938745,4.565100261807384,4.565100261807384,0.4613085685928417,0.0,0.4613085685928417
C0,1,eligible_token_weighted,contrast,,0.33585236136932206,0.13659189575311537,0.1728723111479633,0.1728723111479633,-0.19926046561620658,0.0,-0.19926046561620658
C0,2,equal_block,HEX,53009.0,4.60535222488175,4.868808842731189,4.805558994734361,4.805558994734361,0.2634566178494402,0.0,0.2634566178494402
C0,2,equal_block,PROSE_ALL,56099.0,4.235784023708719,4.705284180810037,4.573576955174978,4.573576955174978,0.4695001571013163,0.0,0.4695001571013163
C0,2,equal_block,contrast,,0.36956820117303035,0.16352466192115234,0.2319820395593828,0.2319820395593828,-0.20604353925187613,0.0,-0.20604353925187613
C0,2,eligible_token_weighted,HEX,53009.0,4.56379929808137,4.829082556761972,4.739984072646301,4.739984072646301,0.26528325868060226,0.0,0.26528325868060226
C0,2,eligible_token_weighted,PROSE_ALL,56099.0,4.229435184737353,4.693336358117208,4.561777113938592,4.561777113938592,0.4639011733798551,0.0,0.4639011733798551
C0,2,eligible_token_weighted,contrast,,0.3343641133440167,0.1357461986447639,0.17820695870770908,0.17820695870770908,-0.19861791469925283,0.0,-0.19861791469925283
C0,3,equal_block,HEX,53009.0,4.615357288816858,4.8729307662182055,4.804562932319186,4.804562932319186,0.25757347740134673,0.0,0.25757347740134673
C0,3,equal_block,PROSE_ALL,56099.0,4.2347167320917105,4.7042682995827745,4.5701850566059745,4.5701850566059745,0.469551567491065,0.0,0.469551567491065
C0,3,equal_block,contrast,,0.3806405567251474,0.16866246663543105,0.23437787571321156,0.23437787571321156,-0.2119780900897183,0.0,-0.2119780900897183
C0,3,eligible_token_weighted,HEX,53009.0,4.56795829417285,4.829915870907298,4.741682586159666,4.741682586159666,0.2619575767344479,0.0,0.2619575767344479
C0,3,eligible_token_weighted,PROSE_ALL,56099.0,4.228622285604575,4.6924746395592765,4.559028885833293,4.559028885833293,0.4638523539547002,0.0,0.4638523539547002
C0,3,eligible_token_weighted,contrast,,0.3393360085682744,0.13744123134802155,0.18265370032637307,0.18265370032637307,-0.20189477722025229,0.0,-0.20189477722025229
C0,4,equal_block,HEX,53009.0,4.619357556673597,4.871492343023906,4.806929751245539,4.806929751245539,0.2521347863503087,0.0,0.2521347863503087
C0,4,equal_block,PROSE_ALL,56099.0,4.236915611012658,4.704616853086871,4.5685732796968255,4.5685732796968255,0.46770124207421426,1.7763568394002506e-16,0.4677012420742141
C0,4,equal_block,contrast,,0.3824419456609389,0.16687548993703505,0.23835647154871342,0.23835647154871342,-0.21556645572390554,-1.7763568394002506e-16,-0.21556645572390537
C0,4,eligible_token_weighted,HEX,53009.0,4.569725994060612,4.830211333606787,4.747349331202894,4.747349331202894,0.2604853395461743,0.0,0.2604853395461743
C0,4,eligible_token_weighted,PROSE_ALL,56099.0,4.230369765289673,4.6926723715374195,4.558104850926576,4.558104850926576,0.46230260624774705,1.9527607673187303e-16,0.46230260624774683
C0,4,eligible_token_weighted,contrast,,0.33935622877093863,0.13753896206936744,0.18924448027631868,0.18924448027631868,-0.20181726670157274,-1.9527607673187303e-16,-0.20181726670157252
C0,5,equal_block,HEX,53009.0,4.608222690112333,4.8669851276897536,4.801407161316636,4.801407161316636,0.25876243757742,0.0,0.25876243757742
C0,5,equal_block,PROSE_ALL,56099.0,4.2340507511681285,4.704340230493086,4.570643818190817,4.570643818190817,0.4702894793249571,1.7763568394002506e-16,0.47028947932495696
C0,5,equal_block,contrast,,0.37417193894420464,0.16264489719666742,0.23076334312581892,0.23076334312581892,-0.21152704174753711,-1.7763568394002506e-16,-0.21152704174753695
C0,5,eligible_token_weighted,HEX,53009.0,4.5690971769634094,4.829766335455649,4.748492713653113,4.748492713653113,0.2606691584922402,0.0,0.2606691584922402
C0,5,eligible_token_weighted,PROSE_ALL,56099.0,4.227842897863892,4.692131633006563,4.561170275083442,4.561170275083442,0.4642887351426715,2.6425758040633148e-16,0.4642887351426712
C0,5,eligible_token_weighted,contrast,,0.3412542790995179,0.13763470244908582,0.18732243856967123,0.18732243856967123,-0.2036195766504313,-2.6425758040633148e-16,-0.203619576650431
C0,6,equal_block,HEX,53009.0,4.606705129394959,4.867874633702822,4.796032414921953,4.796032414921953,0.2611695043078641,0.0,0.2611695043078641
C0,6,equal_block,PROSE_ALL,56099.0,4.238281998765653,4.704126270136415,4.5702394269313995,4.5702394269313995,0.46584427137076184,0.0,0.46584427137076184
C0,6,equal_block,contrast,,0.36842313062930554,0.1637483635664072,0.22579298799055358,0.22579298799055358,-0.20467476706289772,0.0,-0.20467476706289772
C0,6,eligible_token_weighted,HEX,53009.0,4.566545871158108,4.829855816859196,4.738428552626266,4.738428552626266,0.26330994570108823,0.0,0.26330994570108823
C0,6,eligible_token_weighted,PROSE_ALL,56099.0,4.231482424560972,4.692113282523266,4.558962352746589,4.558962352746589,0.4606308579622945,0.0,0.4606308579622945
C0,6,eligible_token_weighted,contrast,,0.33506344659713605,0.13774253433592953,0.17946619987967782,0.17946619987967782,-0.1973209122612063,0.0,-0.1973209122612063
C0,7,equal_block,HEX,53009.0,4.611802485954169,4.869925208926251,4.7965867725403815,4.7965867725403815,0.25812272297208194,0.0,0.25812272297208194
C0,7,equal_block,PROSE_ALL,56099.0,4.233660296699439,4.704332542039294,4.570571196307716,4.570571196307716,0.47067224533985713,0.0,0.47067224533985713
C0,7,equal_block,contrast,,0.37814218925473053,0.1655926668869565,0.22601557623266544,0.22601557623266544,-0.2125495223677752,0.0,-0.2125495223677752
C0,7,eligible_token_weighted,HEX,53009.0,4.571255687461729,4.831301271265844,4.74216147539721,4.74216147539721,0.2600455838041157,0.0,0.2600455838041157
C0,7,eligible_token_weighted,PROSE_ALL,56099.0,4.227340991266777,4.692265262381219,4.5623595147481915,4.5623595147481915,0.4649242711144427,0.0,0.4649242711144427
C0,7,eligible_token_weighted,contrast,,0.3439146961949522,0.13903600888462542,0.17980196064901843,0.17980196064901843,-0.204878687310327,0.0,-0.204878687310327
C0,8,equal_block,HEX,53009.0,4.611033626575005,4.871996788193944,4.811930067246568,4.811930067246568,0.26096316161893895,0.0,0.26096316161893895
C0,8,equal_block,PROSE_ALL,56099.0,4.233407338292842,4.70294131053597,4.568604598203696,4.568604598203696,0.46953397224312826,0.0,0.46953397224312826
C0,8,equal_block,contrast,,0.3776262882821628,0.1690554776579738,0.24332546904287167,0.24332546904287167,-0.2085708106241893,0.0,-0.2085708106241893
C0,8,eligible_token_weighted,HEX,53009.0,4.570086554165009,4.832437974369278,4.752408301466137,4.752408301466137,0.26235142020426944,0.0,0.26235142020426944
C0,8,eligible_token_weighted,PROSE_ALL,56099.0,4.226807498885921,4.690856994249098,4.560306731713049,4.560306731713049,0.464049495363177,0.0,0.464049495363177
C0,8,eligible_token_weighted,contrast,,0.34327905527908786,0.14158098012017994,0.19210156975308834,0.19210156975308834,-0.20169807515890759,0.0,-0.20169807515890759
C0,9,equal_block,HEX,53009.0,4.603472212781172,4.8661408558008,4.78958058279604,4.78958058279604,0.262668643019627,0.0,0.262668643019627
C0,9,equal_block,PROSE_ALL,56099.0,4.236884182697604,4.704993218564449,4.5737616753871055,4.5737616753871055,0.46810903586684516,0.0,0.46810903586684516
C0,9,equal_block,contrast,,0.36658803008356866,0.1611476372363505,0.21581890740893428,0.21581890740893428,-0.20544039284721816,0.0,-0.20544039284721816
C0,9,eligible_token_weighted,HEX,53009.0,4.567884120892702,4.830593206964218,4.7418130236641725,4.7418130236641725,0.2627090860715153,0.0,0.2627090860715153
C0,9,eligible_token_weighted,PROSE_ALL,56099.0,4.230491108736287,4.692724494920647,4.564290583023384,4.564290583023384,0.4622333861843591,0.0,0.4622333861843591
C0,9,eligible_token_weighted,contrast,,0.33739301215641504,0.13786871204357087,0.17752244064078848,0.17752244064078848,-0.19952430011284383,0.0,-0.19952430011284383
C0,10,equal_block,HEX,53009.0,4.622126994959485,4.874556271774541,4.807886496593817,4.807886496593817,0.25242927681505556,0.0,0.25242927681505556
C0,10,equal_block,PROSE_ALL,56099.0,4.234503060322041,4.704694571445651,4.584400754060232,4.584400754060232,0.4701915111236096,0.0,0.4701915111236096
C0,10,equal_block,contrast,,0.3876239346374444,0.16986170032889003,0.223485742533585,0.223485742533585,-0.21776223430855401,0.0,-0.21776223430855401
C0,10,eligible_token_weighted,HEX,53009.0,4.572504684388363,4.832324394105908,4.750588709772936,4.750588709772936,0.2598197097175444,0.0,0.2598197097175444
C0,10,eligible_token_weighted,PROSE_ALL,56099.0,4.2284135518883454,4.692896369534878,4.573988611615732,4.573988611615732,0.4644828176465322,0.0,0.4644828176465322
C0,10,eligible_token_weighted,contrast,,0.34409113250001777,0.13942802457102932,0.1766000981572038,0.1766000981572038,-0.2046631079289878,0.0,-0.2046631079289878
C0,11,equal_block,HEX,53009.0,4.619700834244612,4.873620572687917,4.800206541853776,4.800206541853776,0.2539197384433054,0.0,0.2539197384433054
C0,11,equal_block,PROSE_ALL,56099.0,4.233492416884821,4.703711390987072,4.569189135952326,4.569189135952326,0.47021897410225166,0.0,0.47021897410225166
C0,11,equal_block,contrast,,0.38620841735979106,0.16990918170084512,0.2310174059014507,0.2310174059014507,-0.21629923565894627,0.0,-0.21629923565894627
C0,11,eligible_token_weighted,HEX,53009.0,4.5735647323945114,4.832984546992843,4.744278056874442,4.744278056874442,0.2594198145983311,0.0,0.2594198145983311
C0,11,eligible_token_weighted,PROSE_ALL,56099.0,4.227918869432917,4.691750416127682,4.559173518867842,4.559173518867842,0.46383154669476573,0.0,0.46383154669476573
C0,11,eligible_token_weighted,contrast,,0.34564586296159483,0.14123413086516035,0.1851045380065992,0.1851045380065992,-0.20441173209643465,0.0,-0.20441173209643465
C0,12,equal_block,HEX,53009.0,4.617453601491018,4.871918485896246,4.797825863688617,4.797825863688617,0.2544648844052273,0.0,0.2544648844052273
C0,12,equal_block,PROSE_ALL,56099.0,4.233787546509774,4.704008365757795,4.572987591203351,4.572987591203351,0.4702208192480204,0.0,0.4702208192480204
C0,12,equal_block,contrast,,0.3836660549812443,0.1679101201384512,0.22483827248526644,0.22483827248526644,-0.2157559348427931,0.0,-0.2157559348427931
C0,12,eligible_token_weighted,HEX,53009.0,4.575042544233409,4.83002854718746,4.741667329648679,4.741667329648679,0.25498600295405105,0.0,0.25498600295405105
C0,12,eligible_token_weighted,PROSE_ALL,56099.0,4.228067079410237,4.692179554783848,4.563135173360628,4.563135173360628,0.46411247537361133,0.0,0.46411247537361133
C0,12,eligible_token_weighted,contrast,,0.34697546482317243,0.1378489924036126,0.17853215628805064,0.17853215628805064,-0.20912647241956028,0.0,-0.20912647241956028
C0,13,equal_block,HEX,53009.0,4.613691607177404,4.872603868359464,4.807647840216884,4.807647840216884,0.2589122611820609,0.0,0.2589122611820609
C0,13,equal_block,PROSE_ALL,56099.0,4.235736925769141,4.70448628931437,4.566855221366967,4.566855221366967,0.46874936354523034,0.0,0.46874936354523034
C0,13,equal_block,contrast,,0.37795468140826305,0.16811757904509417,0.24079261884991698,0.24079261884991698,-0.20983710236316944,0.0,-0.20983710236316944
C0,13,eligible_token_weighted,HEX,53009.0,4.567963747461427,4.830237740844361,4.7456628039481945,4.7456628039481945,0.26227399338293433,0.0,0.26227399338293433
C0,13,eligible_token_weighted,PROSE_ALL,56099.0,4.229803059052729,4.692556031955995,4.558360119078175,4.558360119078175,0.46275297290326506,0.0,0.46275297290326506
C0,13,eligible_token_weighted,contrast,,0.3381606884086974,0.1376817088883664,0.18730268487001922,0.18730268487001922,-0.20047897952033072,0.0,-0.20047897952033072
C0,14,equal_block,HEX,53009.0,4.611730920108226,4.868296996687338,4.80643311519752,4.80643311519752,0.25656607657911223,0.0,0.25656607657911223
C0,14,equal_block,PROSE_ALL,56099.0,4.236390856717611,4.70363827807733,4.572098894266064,4.572098894266064,0.46724742135971803,1.7763568394002506e-16,0.46724742135971786
C0,14,equal_block,contrast,,0.375340063390615,0.16465871861000814,0.23433422093145584,0.23433422093145584,-0.2106813447806058,-1.7763568394002506e-16,-0.21068134478060563
C0,14,eligible_token_weighted,HEX,53009.0,4.569166887414695,4.830281616616114,4.746406059736982,4.746406059736982,0.2611147292014193,0.0,0.2611147292014193
C0,14,eligible_token_weighted,PROSE_ALL,56099.0,4.229018528711199,4.691362656458376,4.5625544874527,4.5625544874527,0.4623441277471776,2.6425758040633148e-16,0.4623441277471773
C0,14,eligible_token_weighted,contrast,,0.34014835870349547,0.13891896015773764,0.18385157228428195,0.18385157228428195,-0.20122939854575828,-2.6425758040633148e-16,-0.201229398545758
C0,15,equal_block,HEX,53009.0,4.61736848558726,4.873428310737518,4.800317735425778,4.800317735425778,0.2560598251502575,0.0,0.2560598251502575
C0,15,equal_block,PROSE_ALL,56099.0,4.236014686188803,4.704233260323875,4.569763111662971,4.569763111662971,0.468218574135072,0.0,0.468218574135072
C0,15,equal_block,contrast,,0.3813537993984575,0.16919505041364324,0.23055462376280644,0.23055462376280644,-0.21215874898481452,0.0,-0.21215874898481452
C0,15,eligible_token_weighted,HEX,53009.0,4.573487325814431,4.830631476959924,4.737341872349666,4.737341872349666,0.25714415114549427,0.0,0.25714415114549427
C0,15,eligible_token_weighted,PROSE_ALL,56099.0,4.229719549404051,4.692164591257577,4.5577994751009205,4.5577994751009205,0.46244504185352586,0.0,0.46244504185352586
C0,15,eligible_token_weighted,contrast,,0.34376777641037926,0.13846688570234722,0.17954239724874554,0.17954239724874554,-0.2053008907080316,0.0,-0.2053008907080316
C0,16,equal_block,HEX,53009.0,4.608888153673298,4.868854906450797,4.8001948498650755,4.8001948498650755,0.2599667527774989,0.0,0.2599667527774989
C0,16,equal_block,PROSE_ALL,56099.0,4.235426660147864,4.7043243869829245,4.570866947665881,4.570866947665881,0.46889772683506104,1.7763568394002506e-16,0.46889772683506087
C0,16,equal_block,contrast,,0.37346149352543456,0.16453051946787234,0.22932790219919408,0.22932790219919408,-0.2089309740575621,-1.7763568394002506e-16,-0.20893097405756195
C0,16,eligible_token_weighted,HEX,53009.0,4.56662871138887,4.828476284678765,4.740453156343162,4.740453156343162,0.26184757328989566,0.0,0.26184757328989566
C0,16,eligible_token_weighted,PROSE_ALL,56099.0,4.229047274732534,4.692249473657203,4.559654119744301,4.559654119744301,0.4632021989246701,2.0496546857230648e-16,0.4632021989246699
C0,16,eligible_token_weighted,contrast,,0.3375814366563361,0.13622681102156253,0.1807990365988612,0.1807990365988612,-0.20135462563477446,-2.0496546857230648e-16,-0.20135462563477424
C0,17,equal_block,HEX,53009.0,4.613381378897465,4.869780599979884,4.8025178316343355,4.8025178316343355,0.2563992210824195,0.0,0.2563992210824195
C0,17,equal_block,PROSE_ALL,56099.0,4.236310519324013,4.704583929306897,4.575851908176505,4.575851908176505,0.4682734099828825,0.0,0.4682734099828825
C0,17,equal_block,contrast,,0.3770708595734522,0.16519667067298727,0.22666592345783076,0.22666592345783076,-0.211874188900463,0.0,-0.211874188900463
C0,17,eligible_token_weighted,HEX,53009.0,4.567488963922979,4.829306174600762,4.744575266452316,4.744575266452316,0.2618172106777836,0.0,0.2618172106777836
C0,17,eligible_token_weighted,PROSE_ALL,56099.0,4.230146692945998,4.692353569294264,4.564322833366446,4.564322833366446,0.46220687634826574,0.0,0.46220687634826574
C0,17,eligible_token_weighted,contrast,,0.3373422709769809,0.13695260530649822,0.18025243308587058,0.18025243308587058,-0.20038966567048216,0.0,-0.20038966567048216
C0,18,equal_block,HEX,53009.0,4.611681948479992,4.8714027935501605,4.7916461312563365,4.7916461312563365,0.2597208450701678,0.0,0.2597208450701678
C0,18,equal_block,PROSE_ALL,56099.0,4.23493821118304,4.704854405475535,4.571528007984538,4.571528007984538,0.4699161942924956,1.7763568394002506e-16,0.4699161942924954
C0,18,equal_block,contrast,,0.37674373729695265,0.16654838807462546,0.22011812327179836,0.22011812327179836,-0.2101953492223278,-1.7763568394002506e-16,-0.21019534922232763
C0,18,eligible_token_weighted,HEX,53009.0,4.56994315549661,4.831493073103132,4.738932778868605,4.738932778868605,0.26154991760652224,0.0,0.26154991760652224
C0,18,eligible_token_weighted,PROSE_ALL,56099.0,4.229058103601562,4.692796088767385,4.561009497717748,4.561009497717748,0.46373798516582265,1.9527607673187303e-16,0.46373798516582254
C0,18,eligible_token_weighted,contrast,,0.3408850518950475,0.13869698433574662,0.1779232811508571,0.1779232811508571,-0.2021880675593004,-1.9527607673187303e-16,-0.2021880675593003
C0,19,equal_block,HEX,53009.0,4.618017894811145,4.8725095811661046,4.8004351257608375,4.800435125760838,0.25449168635495933,4.440892098500626e-16,0.2544916863549589
C0,19,equal_block,PROSE_ALL,56099.0,4.235075718794241,4.7047877919186,4.570019594022296,4.570019594022296,0.4697120731243576,1.7763568394002506e-16,0.4697120731243574
C0,19,equal_block,contrast,,0.38294217601690406,0.16772178924750492,0.2304155317385419,0.2304155317385428,-0.21522038676939825,2.6645352591003756e-16,-0.21522038676939853
C0,19,eligible_token_weighted,HEX,53009.0,4.568824334759018,4.83012608982259,4.736075472816223,4.736075472816224,0.2613017550635724,7.813637764209028e-16,0.26130175506357156
C0,19,eligible_token_weighted,PROSE_ALL,56099.0,4.228835162354395,4.693003088935216,4.5609020304472185,4.5609020304472185,0.46416792658082023,1.9527607673187303e-16,0.46416792658082007
C0,19,eligible_token_weighted,contrast,,0.3399891724046231,0.1371230008873745,0.17517344236900456,0.17517344236900545,-0.20286617151724784,5.860876996890298e-16,-0.2028661715172485
D12,0,equal_block,HEX,53009.0,4.613495024723953,4.868982783630755,4.806491295568398,4.806491295568398,0.25548775890680187,0.0,0.25548775890680187
D12,0,equal_block,PROSE_ALL,56099.0,4.239180053983845,4.7045709937736975,4.575600211832399,4.575600211832399,0.46539093978985335,0.0,0.46539093978985335
D12,0,equal_block,contrast,,0.3743149707401079,0.1644117898570574,0.23089108373599831,0.23089108373599831,-0.2099031808830515,0.0,-0.2099031808830515
D12,0,eligible_token_weighted,HEX,53009.0,4.568566491627263,4.828738088594765,4.743570737020802,4.743570737020802,0.26017159696750247,0.0,0.26017159696750247
D12,0,eligible_token_weighted,PROSE_ALL,56099.0,4.232477770975531,4.692467749398104,4.56527747544337,4.56527747544337,0.45998997842257233,0.0,0.45998997842257233
D12,0,eligible_token_weighted,contrast,,0.33608872065173223,0.13627033919666065,0.17829326157743175,0.17829326157743175,-0.19981838145506986,0.0,-0.19981838145506986
D12,1,equal_block,HEX,53009.0,4.610026089747138,4.867786101193385,4.788207594521357,4.788207594521357,0.2577600114462473,0.0,0.2577600114462473
D12,1,equal_block,PROSE_ALL,56099.0,4.23798935294253,4.705093787056278,4.575664804296981,4.575664804296981,0.467104434113747,0.0,0.467104434113747
D12,1,equal_block,contrast,,0.372036736804608,0.16269231413710727,0.2125427902243766,0.2125427902243766,-0.20934442266749975,0.0,-0.20934442266749975
D12,1,eligible_token_weighted,HEX,53009.0,4.567513843715225,4.82956194669186,4.737972572955347,4.737972572955347,0.2620481029766351,0.0,0.2620481029766351
D12,1,eligible_token_weighted,PROSE_ALL,56099.0,4.231661482345714,4.692970050938745,4.565100261807384,4.565100261807384,0.4613085685930296,0.0,0.4613085685930296
D12,1,eligible_token_weighted,contrast,,0.33585236136951035,0.13659189575311537,0.1728723111479633,0.1728723111479633,-0.1992604656163945,0.0,-0.1992604656163945
D12,2,equal_block,HEX,53009.0,4.60535222488175,4.868808842731189,4.805558994734361,4.805558994734361,0.2634566178494402,0.0,0.2634566178494402
D12,2,equal_block,PROSE_ALL,56099.0,4.235784023703934,4.705284180810037,4.573576955174978,4.573576955174978,0.4695001571061027,0.0,0.4695001571061027
D12,2,equal_block,contrast,,0.36956820117781586,0.16352466192115234,0.2319820395593828,0.2319820395593828,-0.20604353925666252,0.0,-0.20604353925666252
D12,2,eligible_token_weighted,HEX,53009.0,4.56379929808137,4.829082556761972,4.739984072646301,4.739984072646301,0.26528325868060226,0.0,0.26528325868060226
D12,2,eligible_token_weighted,PROSE_ALL,56099.0,4.229435184734405,4.693336358117208,4.561777113938592,4.561777113938592,0.4639011733828037,0.0,0.4639011733828037
D12,2,eligible_token_weighted,contrast,,0.3343641133469646,0.1357461986447639,0.17820695870770908,0.17820695870770908,-0.19861791470220141,0.0,-0.19861791470220141
D12,3,equal_block,HEX,53009.0,4.615357288816858,4.8729307662182055,4.804562932319186,4.804562932319186,0.25757347740134673,0.0,0.25757347740134673
D12,3,equal_block,PROSE_ALL,56099.0,4.2347167320915515,4.7042682995827745,4.5701850566059745,4.5701850566059745,0.4695515674912235,0.0,0.4695515674912235
D12,3,equal_block,contrast,,0.3806405567253064,0.16866246663543105,0.23437787571321156,0.23437787571321156,-0.21197809008987678,0.0,-0.21197809008987678
D12,3,eligible_token_weighted,HEX,53009.0,4.56795829417285,4.829915870907298,4.741682586159666,4.741682586159666,0.2619575767344479,0.0,0.2619575767344479
D12,3,eligible_token_weighted,PROSE_ALL,56099.0,4.228622285604478,4.6924746395592765,4.559028885833293,4.559028885833293,0.4638523539547977,0.0,0.4638523539547977
D12,3,eligible_token_weighted,contrast,,0.3393360085683712,0.13744123134802155,0.18265370032637307,0.18265370032637307,-0.20189477722034976,0.0,-0.20189477722034976
D12,4,equal_block,HEX,53009.0,4.619357556673597,4.871492343023906,4.806929751245539,4.806929751245539,0.2521347863503087,0.0,0.2521347863503087
D12,4,equal_block,PROSE_ALL,56099.0,4.236915610651016,4.704616853086871,4.5685732796968255,4.5685732796968255,0.46770124243585653,1.7763568394002506e-16,0.46770124243585637
D12,4,equal_block,contrast,,0.3824419460225812,0.16687548993703505,0.23835647154871342,0.23835647154871342,-0.2155664560855478,-1.7763568394002506e-16,-0.21556645608554764
D12,4,eligible_token_weighted,HEX,53009.0,4.569725994060612,4.830211333606787,4.747349331202894,4.747349331202894,0.2604853395461743,0.0,0.2604853395461743
D12,4,eligible_token_weighted,PROSE_ALL,56099.0,4.230369765067231,4.6926723715374195,4.558104850926576,4.558104850926576,0.4623026064701877,1.9527607673187303e-16,0.46230260647018745
D12,4,eligible_token_weighted,contrast,,0.33935622899338025,0.13753896206936744,0.18924448027631868,0.18924448027631868,-0.20181726692401342,-1.9527607673187303e-16,-0.20181726692401314
D12,5,equal_block,HEX,53009.0,4.608222690112333,4.8669851276897536,4.801407161316636,4.801407161316636,0.25876243757742,0.0,0.25876243757742
D12,5,equal_block,PROSE_ALL,56099.0,4.234050751168104,4.704340230493086,4.570643818190817,4.570643818190817,0.4702894793249827,1.7763568394002506e-16,0.47028947932498255
D12,5,equal_block,contrast,,0.3741719389442295,0.16264489719666742,0.23076334312581892,0.23076334312581892,-0.2115270417475627,-1.7763568394002506e-16,-0.21152704174756254
D12,5,eligible_token_weighted,HEX,53009.0,4.5690971769634094,4.829766335455649,4.748492713653113,4.748492713653113,0.2606691584922402,0.0,0.2606691584922402
D12,5,eligible_token_weighted,PROSE_ALL,56099.0,4.227842897863875,4.692131633006563,4.561170275083442,4.561170275083442,0.46428873514268804,2.6425758040633148e-16,0.46428873514268776
D12,5,eligible_token_weighted,contrast,,0.34125427909953476,0.13763470244908582,0.18732243856967123,0.18732243856967123,-0.20361957665044783,-2.6425758040633148e-16,-0.20361957665044755
D12,6,equal_block,HEX,53009.0,4.606705129394959,4.867874633702822,4.796032414921953,4.796032414921953,0.2611695043078641,0.0,0.2611695043078641
D12,6,equal_block,PROSE_ALL,56099.0,4.238281998038284,4.704126270136415,4.5702394269313995,4.5702394269313995,0.46584427209813306,0.0,0.46584427209813306
D12,6,equal_block,contrast,,0.3684231313566748,0.1637483635664072,0.22579298799055358,0.22579298799055358,-0.20467476779026894,0.0,-0.20467476779026894
D12,6,eligible_token_weighted,HEX,53009.0,4.566545871158108,4.829855816859196,4.738428552626266,4.738428552626266,0.26330994570108823,0.0,0.26330994570108823
D12,6,eligible_token_weighted,PROSE_ALL,56099.0,4.231482424091794,4.692113282523266,4.558962352746589,4.558962352746589,0.46063085843147206,0.0,0.46063085843147206
D12,6,eligible_token_weighted,contrast,,0.33506344706631364,0.13774253433592953,0.17946619987967782,0.17946619987967782,-0.19732091273038382,0.0,-0.19732091273038382
D12,7,equal_block,HEX,53009.0,4.611802485954169,4.869925208926251,4.7965867725403815,4.7965867725403815,0.25812272297208194,0.0,0.25812272297208194
D12,7,equal_block,PROSE_ALL,56099.0,4.233660296507368,4.704332542039294,4.570571196307716,4.570571196307716,0.4706722455319271,0.0,0.4706722455319271
D12,7,equal_block,contrast,,0.3781421894468009,0.1655926668869565,0.22601557623266544,0.22601557623266544,-0.21254952255984516,0.0,-0.21254952255984516
D12,7,eligible_token_weighted,HEX,53009.0,4.571255687461729,4.831301271265844,4.74216147539721,4.74216147539721,0.2600455838041157,0.0,0.2600455838041157
D12,7,eligible_token_weighted,PROSE_ALL,56099.0,4.227340991015276,4.692265262381219,4.5623595147481915,4.5623595147481915,0.46492427136594355,0.0,0.46492427136594355
D12,7,eligible_token_weighted,contrast,,0.3439146964464532,0.13903600888462542,0.17980196064901843,0.17980196064901843,-0.20487868756182787,0.0,-0.20487868756182787
D12,8,equal_block,HEX,53009.0,4.611033626575005,4.871996788193944,4.811930067246568,4.811930067246568,0.26096316161893895,0.0,0.26096316161893895
D12,8,equal_block,PROSE_ALL,56099.0,4.233407338286236,4.70294131053597,4.568604598203696,4.568604598203696,0.46953397224973525,0.0,0.46953397224973525
D12,8,equal_block,contrast,,0.3776262882887691,0.1690554776579738,0.24332546904287167,0.24332546904287167,-0.2085708106307963,0.0,-0.2085708106307963
D12,8,eligible_token_weighted,HEX,53009.0,4.570086554165009,4.832437974369278,4.752408301466137,4.752408301466137,0.26235142020426944,0.0,0.26235142020426944
D12,8,eligible_token_weighted,PROSE_ALL,56099.0,4.226807498877778,4.690856994249098,4.560306731713049,4.560306731713049,0.46404949537131973,0.0,0.46404949537131973
D12,8,eligible_token_weighted,contrast,,0.3432790552872307,0.14158098012017994,0.19210156975308834,0.19210156975308834,-0.2016980751670503,0.0,-0.2016980751670503
D12,9,equal_block,HEX,53009.0,4.603472212781172,4.8661408558008,4.78958058279604,4.78958058279604,0.262668643019627,0.0,0.262668643019627
D12,9,equal_block,PROSE_ALL,56099.0,4.236884182540845,4.704993218564449,4.5737616753871055,4.5737616753871055,0.4681090360236044,0.0,0.4681090360236044
D12,9,equal_block,contrast,,0.3665880302403268,0.1611476372363505,0.21581890740893428,0.21581890740893428,-0.20544039300397737,0.0,-0.20544039300397737
D12,9,eligible_token_weighted,HEX,53009.0,4.567884120892702,4.830593206964218,4.7418130236641725,4.7418130236641725,0.2627090860715153,0.0,0.2627090860715153
D12,9,eligible_token_weighted,PROSE_ALL,56099.0,4.230491108639868,4.692724494920647,4.564290583023384,4.564290583023384,0.46223338628077754,0.0,0.46223338628077754
D12,9,eligible_token_weighted,contrast,,0.3373930122528339,0.13786871204357087,0.17752244064078848,0.17752244064078848,-0.19952430020926226,0.0,-0.19952430020926226
a_total1,0,equal_block,HEX,53009.0,4.6439733497744795,4.869625708140232,4.8072220610509415,4.807222061050942,0.22565235836575237,4.440892098500626e-16,0.22565235836575193
a_total1,0,equal_block,PROSE_ALL,56099.0,4.248194725917984,4.706148962391014,4.576880690917926,4.576880690917926,0.4579542364730294,1.7763568394002506e-16,0.45795423647302924
a_total1,0,equal_block,contrast,,0.3957786238564953,0.1634767457492181,0.23034137013301592,0.2303413701330168,-0.23230187810727704,2.6645352591003756e-16,-0.23230187810727732
a_total1,0,eligible_token_weighted,HEX,53009.0,4.5876806698885115,4.828891350599026,4.743991086937405,4.743991086937405,0.24121068071051407,1.0681464327922236e-16,0.24121068071051396
a_total1,0,eligible_token_weighted,PROSE_ALL,56099.0,4.240568020463492,4.693857523094885,4.566539047044822,4.566539047044822,0.4532895026313936,1.0925897563861324e-16,0.4532895026313935
a_total1,0,eligible_token_weighted,contrast,,0.3471126494250196,0.13503382750414072,0.17745203989258318,0.17745203989258318,-0.21207882192087954,-2.4443323593908735e-18,-0.21207882192087954
a_total1,1,equal_block,HEX,53009.0,4.63026796237926,4.868546652850769,4.788994933810471,4.788994933810471,0.2382786904715095,0.0,0.2382786904715095
a_total1,1,equal_block,PROSE_ALL,56099.0,4.252545376894869,4.7063764709484595,4.576899196505929,4.576899196505929,0.45383109405359123,3.552713678800501e-16,0.4538310940535909
a_total1,1,equal_block,contrast,,0.3777225854843911,0.1621701819023098,0.21209573730454245,0.21209573730454245,-0.21555240358208172,-3.552713678800501e-16,-0.2155524035820814
a_total1,1,eligible_token_weighted,HEX,53009.0,4.587094348687385,4.829771640758751,4.738435901115126,4.738435901115126,0.24267729207136562,0.0,0.24267729207136562
a_total1,1,eligible_token_weighted,PROSE_ALL,56099.0,4.244173664204893,4.6941997272690505,4.56628951269862,4.56628951269862,0.4500260630641587,4.0993093714461295e-16,0.45002606306415827
a_total1,1,eligible_token_weighted,contrast,,0.34292068448249236,0.13557191348970044,0.17214638841650576,0.17214638841650576,-0.20734877099279309,-4.0993093714461295e-16,-0.20734877099279264
a_total1,2,equal_block,HEX,53009.0,4.624857347907206,4.86895703535027,4.805780291687338,4.805780291687338,0.2440996874430641,0.0,0.2440996874430641
a_total1,2,equal_block,PROSE_ALL,56099.0,4.244106157282389,4.706723924447529,4.574671218043161,4.574671218043161,0.4626177671651406,0.0,0.4626177671651406
a_total1,2,equal_block,contrast,,0.38075119062481644,0.16223311090274084,0.231109073644177,0.231109073644177,-0.21851807972207649,0.0,-0.21851807972207649
a_total1,2,eligible_token_weighted,HEX,53009.0,4.580964062736315,4.829112647405012,4.740276459066297,4.740276459066297,0.2481485846686963,0.0,0.2481485846686963
a_total1,2,eligible_token_weighted,PROSE_ALL,56099.0,4.23724778121813,4.694651714147141,4.562745173550265,4.562745173550265,0.45740393292901155,0.0,0.45740393292901155
a_total1,2,eligible_token_weighted,contrast,,0.34371628151818445,0.13446093325787078,0.17753128551603137,0.17753128551603137,-0.20925534826031525,0.0,-0.20925534826031525
a_total1,3,equal_block,HEX,53009.0,4.636273367519413,4.8736105813807455,4.805348576543464,4.805348576543464,0.23733721386133144,4.440892098500626e-16,0.237337213861331
a_total1,3,equal_block,PROSE_ALL,56099.0,4.243867676240837,4.705262411468988,4.571281209683443,4.571281209683443,0.46139473522815005,3.552713678800501e-16,0.46139473522814967
a_total1,3,equal_block,contrast,,0.39240569127857583,0.1683481699117575,0.23406736686002105,0.23406736686002105,-0.2240575213668186,8.88178419700125e-17,-0.22405752136681867
a_total1,3,eligible_token_weighted,HEX,53009.0,4.581575730328096,4.830157845855072,4.742216048659093,4.742216048659093,0.24858211552697565,1.0681464327922236e-16,0.24858211552697554
a_total1,3,eligible_token_weighted,PROSE_ALL,56099.0,4.236745248515321,4.693454048582008,4.560038950014969,4.560038950014969,0.45670880006668724,4.0993093714461295e-16,0.45670880006668685
a_total1,3,eligible_token_weighted,contrast,,0.34483048181277454,0.13670379727306425,0.18217709864412335,0.18217709864412335,-0.2081266845397116,-3.031162938653906e-16,-0.2081266845397113
a_total1,4,equal_block,HEX,53009.0,4.642753533276114,4.8720638863339545,4.807530542348779,4.807530542348779,0.22931035305784153,0.0,0.22931035305784153
a_total1,4,equal_block,PROSE_ALL,56099.0,4.248146064496664,4.706024643603905,4.5694569688635,4.5694569688635,0.4578785791072398,3.552713678800501e-16,0.4578785791072394
a_total1,4,equal_block,contrast,,0.39460746877944963,0.16603924273004989,0.2380735734852788,0.2380735734852788,-0.22856822604939825,-3.552713678800501e-16,-0.22856822604939786
a_total1,4,eligible_token_weighted,HEX,53009.0,4.583109797115933,4.830332218427853,4.747713846619723,4.747713846619723,0.24722242131192063,0.0,0.24722242131192063
a_total1,4,eligible_token_weighted,PROSE_ALL,56099.0,4.239506273866912,4.69395223481248,4.558922151247552,4.558922151247552,0.4544459609455678,3.193857869233075e-16,0.4544459609455674
a_total1,4,eligible_token_weighted,contrast,,0.3436035232490209,0.13637998361537296,0.18879169537217066,0.18879169537217066,-0.20722353963364715,-3.193857869233075e-16,-0.20722353963364676
a_total1,5,equal_block,HEX,53009.0,4.624803000715696,4.867515936025775,4.801465286435457,4.801465286435457,0.2427129353100792,0.0,0.2427129353100792
a_total1,5,equal_block,PROSE_ALL,56099.0,4.2433902728594735,4.705690339402209,4.5717028735151635,4.571702873515164,0.4623000665427356,1.7763568394002506e-16,0.4623000665427354
a_total1,5,equal_block,contrast,,0.3814127278562225,0.161825596623566,0.22976241292029354,0.22976241292029265,-0.21958713123265639,-1.7763568394002506e-16,-0.21958713123265622
a_total1,5,eligible_token_weighted,HEX,53009.0,4.583111422454757,4.829887814668271,4.748563668446508,4.748563668446508,0.2467763922135134,0.0,0.2467763922135134
a_total1,5,eligible_token_weighted,PROSE_ALL,56099.0,4.235926969518699,4.69333840258826,4.562146596877128,4.562146596877128,0.457411433069561,1.14420318351001e-16,0.4574114330695609
a_total1,5,eligible_token_weighted,contrast,,0.34718445293605793,0.1365494120800106,0.18641707156937937,0.18641707156937937,-0.2106350408560476,-1.14420318351001e-16,-0.21063504085604748
a_total1,6,equal_block,HEX,53009.0,4.626081274899459,4.868064362565371,4.796211233812368,4.796211233812368,0.2419830876659117,0.0,0.2419830876659117
a_total1,6,equal_block,PROSE_ALL,56099.0,4.250598647004331,4.705289299694791,4.571180971746955,4.571180971746955,0.4546906526904603,0.0,0.4546906526904603
a_total1,6,equal_block,contrast,,0.37548262789512776,0.16277506287057975,0.2250302620654132,0.2250302620654132,-0.21270756502454857,0.0,-0.21270756502454857
a_total1,6,eligible_token_weighted,HEX,53009.0,4.583576858557544,4.829975235395278,4.738612843262698,4.738612843262698,0.2463983768377343,0.0,0.2463983768377343
a_total1,6,eligible_token_weighted,PROSE_ALL,56099.0,4.243408536375083,4.693209712681271,4.55988829395816,4.55988829395816,0.4498011763061884,0.0,0.4498011763061884
a_total1,6,eligible_token_weighted,contrast,,0.3401683221824614,0.13676552271400677,0.17872454930453774,0.17872454930453774,-0.20340279946845408,0.0,-0.20340279946845408
a_total1,7,equal_block,HEX,53009.0,4.631425234947253,4.870527905126589,4.797216774248005,4.797216774248005,0.2391026701793364,0.0,0.2391026701793364
a_total1,7,equal_block,PROSE_ALL,56099.0,4.2475060820336665,4.705490272294844,4.57168450545082,4.57168450545082,0.4579841902611764,0.0,0.4579841902611764
a_total1,7,equal_block,contrast,,0.38391915291358636,0.1650376328317451,0.2255322687971848,0.2255322687971848,-0.21888152008184003,0.0,-0.21888152008184003
a_total1,7,eligible_token_weighted,HEX,53009.0,4.591531373452677,4.831473192844734,4.742480267056614,4.742480267056614,0.23994181939205747,0.0,0.23994181939205747
a_total1,7,eligible_token_weighted,PROSE_ALL,56099.0,4.240269438741794,4.693340239691511,4.563409318341714,4.563409318341714,0.45307080094971774,0.0,0.45307080094971774
a_total1,7,eligible_token_weighted,contrast,,0.35126193471088296,0.13813295315322272,0.1790709487148998,0.1790709487148998,-0.21312898155766027,0.0,-0.21312898155766027
a_total1,8,equal_block,HEX,53009.0,4.644614300848442,4.872205925702298,4.812076211913892,4.812076211913893,0.22759162485385565,4.440892098500626e-16,0.2275916248538552
a_total1,8,equal_block,PROSE_ALL,56099.0,4.240654817323727,4.704346732616824,4.569934793022844,4.569934793022844,0.4636919152930977,0.0,0.4636919152930977
a_total1,8,equal_block,contrast,,0.4039594835247149,0.1678591930854738,0.24214141889104823,0.24214141889104912,-0.23610029043924208,4.440892098500626e-16,-0.23610029043924252
a_total1,8,eligible_token_weighted,HEX,53009.0,4.589981012594228,4.8325088854734375,4.752546988225719,4.752546988225719,0.2425278728792091,1.0681464327922236e-16,0.242527872879209
a_total1,8,eligible_token_weighted,PROSE_ALL,56099.0,4.232071001183983,4.6921322907994245,4.56150852528306,4.56150852528306,0.4600612896154419,0.0,0.4600612896154419
a_total1,8,eligible_token_weighted,contrast,,0.3579100114102447,0.14037659467401298,0.19103846294265914,0.19103846294265914,-0.2175334167362328,1.0681464327922236e-16,-0.21753341673623292
a_total1,9,equal_block,HEX,53009.0,4.623966538191546,4.866816097979646,4.790309849605906,4.790309849605907,0.24284955978809997,4.440892098500626e-16,0.24284955978809952
a_total1,9,equal_block,PROSE_ALL,56099.0,4.248828701089751,4.70607623346684,4.574833458112389,4.574833458112389,0.45724753237708865,1.7763568394002506e-16,0.4572475323770885
a_total1,9,equal_block,contrast,,0.3751378371017946,0.16073986451280575,0.21547639149351738,0.21547639149351827,-0.21439797258898868,2.6645352591003756e-16,-0.21439797258898896
a_total1,9,eligible_token_weighted,HEX,53009.0,4.585520898155191,4.830760403557228,4.742250869702187,4.742250869702188,0.2452395054020374,7.813637764209028e-16,0.2452395054020366
a_total1,9,eligible_token_weighted,PROSE_ALL,56099.0,4.24287643849245,4.693769454190387,4.565487659834175,4.565487659834176,0.4508930156979367,1.9527607673187303e-16,0.45089301569793644
a_total1,9,eligible_token_weighted,contrast,,0.3426444596627407,0.13699094936684109,0.17676320986801208,0.17676320986801208,-0.20565351029589932,5.860876996890298e-16,-0.20565351029589984
oth,0,equal_block,HEX,53460.0,4.631371291422311,4.882674610790251,4.829605028828995,4.829605028828995,0.25130331936794015,0.0,0.25130331936794015
oth,0,equal_block,PROSE_ALL,56256.0,4.262946750586712,4.713727369034499,4.587562482595975,4.587562482595974,0.4507806184477863,-1.7763568394002506e-16,0.45078061844778644
oth,0,equal_block,contrast,,0.3684245408355986,0.1689472417557516,0.24204254623302024,0.24204254623302113,-0.19947729907984613,1.7763568394002506e-16,-0.1994772990798463
oth,0,eligible_token_weighted,HEX,53460.0,4.58800393857206,4.844250908886845,4.772535620712232,4.772535620712232,0.25624697031478466,0.0,0.25624697031478466
oth,0,eligible_token_weighted,PROSE_ALL,56256.0,4.259074894102308,4.703297087592212,4.578865875392796,4.578865875392796,0.4442221934899035,-1.0906457130418915e-16,0.4442221934899036
oth,0,eligible_token_weighted,contrast,,0.3289290444697519,0.14095382129463285,0.19366974531943626,0.19366974531943626,-0.18797522317511883,1.0906457130418915e-16,-0.18797522317511894
oth,1,equal_block,HEX,53460.0,4.626957621830956,4.881407606906421,4.812795613348278,4.812795613348278,0.25444998507546535,0.0,0.25444998507546535
oth,1,equal_block,PROSE_ALL,56256.0,4.25213200717858,4.714023252701732,4.587600730905658,4.587600730905658,0.46189124552315164,0.0,0.46189124552315164
oth,1,equal_block,contrast,,0.3748256146523756,0.16738435420468978,0.22519488244262043,0.22519488244262043,-0.2074412604476863,0.0,-0.2074412604476863
oth,1,eligible_token_weighted,HEX,53460.0,4.585831053217307,4.844961993545285,4.769788811648468,4.769788811648468,0.2591309403279773,0.0,0.2591309403279773
oth,1,eligible_token_weighted,PROSE_ALL,56256.0,4.247847004217021,4.703617104866518,4.578653970893289,4.578653970893289,0.45577010064949763,0.0,0.45577010064949763
oth,1,eligible_token_weighted,contrast,,0.3379840490002861,0.14134488867876716,0.19113484075517828,0.19113484075517828,-0.19663916032152035,0.0,-0.19663916032152035
oth,2,equal_block,HEX,53460.0,4.622154154011591,4.882453004219682,4.829162214880514,4.829162214880514,0.2602988502080916,0.0,0.2602988502080916
oth,2,equal_block,PROSE_ALL,56256.0,4.25982735682962,4.7142153586864115,4.583695750888528,4.583695750888527,0.45438800185679257,-1.7763568394002506e-16,0.45438800185679273
oth,2,equal_block,contrast,,0.36232679718197147,0.1682376455332708,0.24546646399198568,0.24546646399198657,-0.19408915164870094,1.7763568394002506e-16,-0.1940891516487011
oth,2,eligible_token_weighted,HEX,53460.0,4.58226189863874,4.8445664974599865,4.768741047487406,4.768741047487406,0.26230459882124624,0.0,0.26230459882124624
oth,2,eligible_token_weighted,PROSE_ALL,56256.0,4.256399282507771,4.7039254720421155,4.573870486611682,4.573870486611682,0.44752618953434464,-1.1421150967204753e-16,0.4475261895343448
oth,2,eligible_token_weighted,contrast,,0.32586261613096923,0.14064102541787094,0.1948705608757244,0.1948705608757244,-0.1852215907130984,1.1421150967204753e-16,-0.18522159071309857
oth,3,equal_block,HEX,53460.0,4.63236570088076,4.886611895572386,4.828997036113287,4.828997036113287,0.25424619469162657,0.0,0.25424619469162657
oth,3,equal_block,PROSE_ALL,56256.0,4.25924394257724,4.7133855588398506,4.580776336454869,4.580776336454869,0.4541416162626108,0.0,0.4541416162626108
oth,3,equal_block,contrast,,0.3731217583035198,0.17322633673253574,0.2482206996584182,0.2482206996584182,-0.19989542157098422,0.0,-0.19989542157098422
oth,3,eligible_token_weighted,HEX,53460.0,4.586794049080338,4.845431451694698,4.769393942038606,4.769393942038606,0.25863740261435997,0.0,0.25863740261435997
oth,3,eligible_token_weighted,PROSE_ALL,56256.0,4.2562594173456,4.703348842272352,4.572266278336874,4.572266278336874,0.4470894249267527,0.0,0.4470894249267527
oth,3,eligible_token_weighted,contrast,,0.3305346317347384,0.14208260942234574,0.19712766370173185,0.19712766370173185,-0.18845202231239272,0.0,-0.18845202231239272
oth,4,equal_block,HEX,53460.0,4.636755146163853,4.885435691264711,4.8312731945321215,4.8312731945321215,0.24868054510085758,0.0,0.24868054510085758
oth,4,equal_block,PROSE_ALL,56256.0,4.260958340820355,4.7136827474769465,4.579660884642253,4.579660884642253,0.4527244066565915,-1.7763568394002506e-16,0.4527244066565917
oth,4,equal_block,contrast,,0.3757968053434988,0.17175294378776407,0.25161230988986816,0.25161230988986816,-0.20404386155573395,1.7763568394002506e-16,-0.20404386155573412
oth,4,eligible_token_weighted,HEX,53460.0,4.588156657102356,4.845861497941933,4.778216468845362,4.778216468845362,0.2577048408395776,0.0,0.2577048408395776
oth,4,eligible_token_weighted,PROSE_ALL,56256.0,4.257305215129168,4.703435244581572,4.571076399130942,4.571076399130942,0.4461300294524029,-1.1421150967204753e-16,0.446130029452403
oth,4,eligible_token_weighted,contrast,,0.33085144197318783,0.14242625336036152,0.2071400697144199,0.2071400697144199,-0.18842518861282526,1.1421150967204753e-16,-0.18842518861282537
oth,5,equal_block,HEX,53460.0,4.626330664856276,4.880678376084699,4.8252026755742845,4.8252026755742845,0.2543477112284225,0.0,0.2543477112284225
oth,5,equal_block,PROSE_ALL,56256.0,4.2479412803494965,4.713372608310816,4.583021470766238,4.583021470766238,0.4654313279613186,-1.7763568394002506e-16,0.4654313279613188
oth,5,equal_block,contrast,,0.3783893845067796,0.1673057677738834,0.2421812048080465,0.2421812048080465,-0.2110836167328961,1.7763568394002506e-16,-0.21108361673289633
oth,5,eligible_token_weighted,HEX,53460.0,4.588630493691953,4.845243826812534,4.778306298693294,4.778306298693294,0.2566133331205807,0.0,0.2566133331205807
oth,5,eligible_token_weighted,PROSE_ALL,56256.0,4.243734434187981,4.702779034246144,4.575474304417396,4.575474304417395,0.4590446000581632,-1.0906457130418915e-16,0.45904460005816333
oth,5,eligible_token_weighted,contrast,,0.34489605950397273,0.14246479256638978,0.20283199427589782,0.2028319942758987,-0.2024312669375825,1.0906457130418915e-16,-0.20243126693758262
oth,6,equal_block,HEX,53460.0,4.623298688518926,4.881733456598256,4.817643981176837,4.817643981176837,0.2584347680793302,0.0,0.2584347680793302
oth,6,equal_block,PROSE_ALL,56256.0,4.2527256334053565,4.71337332865532,4.580663385654046,4.580663385654046,0.4606476952499624,0.0,0.4606476952499624
oth,6,equal_block,contrast,,0.3705730551135691,0.1683601279429361,0.23698059552279105,0.23698059552279105,-0.20221292717063222,0.0,-0.20221292717063222
oth,6,eligible_token_weighted,HEX,53460.0,4.58473745699835,4.845497205194948,4.768923488478592,4.768923488478592,0.26075974819659814,0.0,0.26075974819659814
oth,6,eligible_token_weighted,PROSE_ALL,56256.0,4.247806565934507,4.703024985902956,4.570964436307189,4.570964436307189,0.4552184199684489,0.0,0.4552184199684489
oth,6,eligible_token_weighted,contrast,,0.3369308910638429,0.14247221929199227,0.1979590521714032,0.1979590521714032,-0.19445867177185078,0.0,-0.19445867177185078
oth,7,equal_block,HEX,53460.0,4.63064714487861,4.883891485931476,4.819950106405392,4.819950106405392,0.253244341052866,0.0,0.253244341052866
oth,7,equal_block,PROSE_ALL,56256.0,4.247808052961947,4.713361278804203,4.580807050691731,4.580807050691731,0.4655532258422566,0.0,0.4655532258422566
oth,7,equal_block,contrast,,0.3828390919166633,0.17053020712727296,0.23914305571366068,0.23914305571366068,-0.21230888478939064,0.0,-0.21230888478939064
oth,7,eligible_token_weighted,HEX,53460.0,4.591423663547754,4.846685135733868,4.771452433519286,4.771452433519286,0.2552614721861145,0.0,0.2552614721861145
oth,7,eligible_token_weighted,PROSE_ALL,56256.0,4.2435215082291355,4.703009774029044,4.5748883064121815,4.5748883064121815,0.45948826579990876,0.0,0.45948826579990876
oth,7,eligible_token_weighted,contrast,,0.3479021553186188,0.14367536170482342,0.1965641271071048,0.1965641271071048,-0.20422679361379426,0.0,-0.20422679361379426
oth,8,equal_block,HEX,53460.0,4.628154621613202,4.886055998619483,4.83693804841403,4.83693804841403,0.25790137700628124,0.0,0.25790137700628124
oth,8,equal_block,PROSE_ALL,56256.0,4.257254175391287,4.712180182421457,4.579160883131695,4.579160883131695,0.45492600703016883,0.0,0.45492600703016883
oth,8,equal_block,contrast,,0.3709004462219152,0.17387581619802628,0.2577771652823353,0.2577771652823353,-0.1970246300238876,0.0,-0.1970246300238876
oth,8,eligible_token_weighted,HEX,53460.0,4.588210415580215,4.848288481052648,4.782203837869954,4.782203837869954,0.26007806547243234,0.0,0.26007806547243234
oth,8,eligible_token_weighted,PROSE_ALL,56256.0,4.253573688854069,4.701770686757965,4.572703163444784,4.572703163444784,0.4481969979038955,0.0,0.4481969979038955
oth,8,eligible_token_weighted,contrast,,0.33463672672614564,0.1465177942946827,0.20950067442517017,0.20950067442517017,-0.18811893243146316,0.0,-0.18811893243146316
oth,9,equal_block,HEX,53460.0,4.620796357021702,4.880028867293204,4.814284693225133,4.814284693225133,0.25923251027150185,0.0,0.25923251027150185
oth,9,equal_block,PROSE_ALL,56256.0,4.25146344692562,4.71424809023689,4.58460145371007,4.58460145371007,0.46278464331126956,0.0,0.46278464331126956
oth,9,equal_block,contrast,,0.36933291009608205,0.16578077705631333,0.22968323951506342,0.22968323951506342,-0.2035521330397677,0.0,-0.2035521330397677
oth,9,eligible_token_weighted,HEX,53460.0,4.586387308065799,4.846285988760993,4.774224849089177,4.774224849089177,0.2598986806951934,0.0,0.2598986806951934
oth,9,eligible_token_weighted,PROSE_ALL,56256.0,4.247199939361591,4.70368619582329,4.5771998990153815,4.5771998990153815,0.456486256461698,0.0,0.456486256461698
oth,9,eligible_token_weighted,contrast,,0.3391873687042075,0.14259979293770275,0.1970249500737955,0.1970249500737955,-0.1965875757665046,0.0,-0.1965875757665046
q_half,0,equal_block,HEX,53009.0,4.652788133609143,4.866833714712253,4.804164465399703,4.804164465399703,0.21404558110310967,0.0,0.21404558110310967
q_half,0,equal_block,PROSE_ALL,56099.0,4.324093100948132,4.706796540909046,4.577739313530914,4.577739313530914,0.38270343996091416,1.7763568394002506e-16,0.382703439960914
q_half,0,equal_block,contrast,,0.3286950326610105,0.16003717380320648,0.22642515186878853,0.22642515186878853,-0.1686578588578045,-1.7763568394002506e-16,-0.16865785885780432
q_half,0,eligible_token_weighted,HEX,53009.0,4.613691414219486,4.827607975495794,4.743168952495545,4.743168952495545,0.21391656127630845,0.0,0.21391656127630845
q_half,0,eligible_token_weighted,PROSE_ALL,56099.0,4.318522363236035,4.694699787367354,4.567294649022575,4.567294649022575,0.37617742413131966,1.0925897563861324e-16,0.37617742413131955
q_half,0,eligible_token_weighted,contrast,,0.2951690509834508,0.13290818812843952,0.17587430347297062,0.17587430347297062,-0.1622608628550112,-1.0925897563861324e-16,-0.1622608628550111
q_half,1,equal_block,HEX,53009.0,4.669109726138687,4.878181590353634,4.797709730018557,4.797709730018557,0.20907186421494783,0.0,0.20907186421494783
q_half,1,equal_block,PROSE_ALL,56099.0,4.319392775861681,4.704799509926228,4.575774008377202,4.575774008377202,0.38540673406454734,0.0,0.38540673406454734
q_half,1,equal_block,contrast,,0.34971695027700545,0.17338208042740622,0.2219357216413549,0.2219357216413549,-0.1763348698495995,0.0,-0.1763348698495995
q_half,1,eligible_token_weighted,HEX,53009.0,4.611282658115963,4.8345225913479934,4.742857382558429,4.742857382558429,0.22323993323203029,0.0,0.22323993323203029
q_half,1,eligible_token_weighted,PROSE_ALL,56099.0,4.314450298446139,4.692327199751473,4.564876267856666,4.564876267856666,0.3778769013053333,0.0,0.3778769013053333
q_half,1,eligible_token_weighted,contrast,,0.2968323596698239,0.14219539159652061,0.1779811147017636,0.1779811147017636,-0.15463696807330302,0.0,-0.15463696807330302
q_half,2,equal_block,HEX,53009.0,4.65126717726692,4.870812603932867,4.80791318694219,4.80791318694219,0.21954542666594712,0.0,0.21954542666594712
q_half,2,equal_block,PROSE_ALL,56099.0,4.316960609798804,4.70676995062951,4.574803448022157,4.574803448022157,0.3898093408307048,0.0,0.3898093408307048
q_half,2,equal_block,contrast,,0.3343065674681158,0.16404265330335743,0.2331097389200325,0.2331097389200325,-0.17026391416475767,0.0,-0.17026391416475767
q_half,2,eligible_token_weighted,HEX,53009.0,4.621115645652874,4.829223597068964,4.740956805022739,4.740956805022739,0.20810795141609115,0.0,0.20810795141609115
q_half,2,eligible_token_weighted,PROSE_ALL,56099.0,4.3118701679553215,4.695866710690781,4.563984624735088,4.563984624735088,0.38399654273545936,0.0,0.38399654273545936
q_half,2,eligible_token_weighted,contrast,,0.3092454776975524,0.13335688637818244,0.17697218028765072,0.17697218028765072,-0.1758885913193682,0.0,-0.1758885913193682
q_half,3,equal_block,HEX,53009.0,4.6546139564981255,4.868726761215623,4.802232958514569,4.802232958514569,0.21411280471749716,0.0,0.21411280471749716
q_half,3,equal_block,PROSE_ALL,56099.0,4.314615903069047,4.703603375098368,4.56953548257618,4.56953548257618,0.38898747202932105,1.7763568394002506e-16,0.3889874720293209
q_half,3,equal_block,contrast,,0.3399980534290785,0.16512338611725497,0.23269747593838908,0.23269747593838908,-0.17487466731182388,-1.7763568394002506e-16,-0.17487466731182372
q_half,3,eligible_token_weighted,HEX,53009.0,4.604145029072999,4.831115449701376,4.7454900600653325,4.7454900600653325,0.22697042062837766,0.0,0.22697042062837766
q_half,3,eligible_token_weighted,PROSE_ALL,56099.0,4.307575563165564,4.690991244712093,4.557976239378378,4.557976239378378,0.38341568154652933,1.9527607673187303e-16,0.3834156815465291
q_half,3,eligible_token_weighted,contrast,,0.29656946590743516,0.14012420498928346,0.18751382068695488,0.18751382068695488,-0.15644526091815167,-1.9527607673187303e-16,-0.15644526091815145
q_half,4,equal_block,HEX,53009.0,4.679788674758447,4.876255543563887,4.8123520103732655,4.8123520103732655,0.1964668688054405,0.0,0.1964668688054405
q_half,4,equal_block,PROSE_ALL,56099.0,4.32033004885498,4.705881297818328,4.570068456463196,4.570068456463196,0.385551248963349,1.7763568394002506e-16,0.38555124896334886
q_half,4,equal_block,contrast,,0.3594586259034669,0.17037424574555882,0.2422835539100694,0.2422835539100694,-0.18908438015790852,-1.7763568394002506e-16,-0.18908438015790835
q_half,4,eligible_token_weighted,HEX,53009.0,4.629054979307326,4.838396346486301,4.756731234829662,4.756731234829662,0.20934136717897583,0.0,0.20934136717897583
q_half,4,eligible_token_weighted,PROSE_ALL,56099.0,4.31424452984704,4.6937423060532035,4.559373820288068,4.559373820288068,0.3794977762061625,2.0496546857230648e-16,0.37949777620616226
q_half,4,eligible_token_weighted,contrast,,0.31481044946028547,0.14465404043309782,0.19735741454159417,0.19735741454159417,-0.17015640902718665,-2.0496546857230648e-16,-0.17015640902718643
q_half,5,equal_block,HEX,53009.0,4.662453078367699,4.871460645950428,4.807169586581831,4.807169586581832,0.20900756758272898,4.440892098500626e-16,0.20900756758272854
q_half,5,equal_block,PROSE_ALL,56099.0,4.313064043081047,4.70445294749334,4.570837801569018,4.570837801569018,0.39138890441229324,0.0,0.39138890441229324
q_half,5,equal_block,contrast,,0.3493890352866522,0.16700769845708852,0.23633178501281282,0.2363317850128137,-0.18238133682956426,4.440892098500626e-16,-0.1823813368295647
q_half,5,eligible_token_weighted,HEX,53009.0,4.61504231086509,4.829705741438245,4.750203836264965,4.750203836264966,0.2146634305731552,7.813637764209028e-16,0.21466343057315446
q_half,5,eligible_token_weighted,PROSE_ALL,56099.0,4.3080980479671185,4.692639980555709,4.561590355532766,4.561590355532766,0.38454193258859,0.0,0.38454193258859
q_half,5,eligible_token_weighted,contrast,,0.3069442628979715,0.13706576088253541,0.18861348073219908,0.18861348073219997,-0.16987850201543478,7.813637764209028e-16,-0.16987850201543553
q_half,6,equal_block,HEX,53009.0,4.655588357238904,4.870479446658624,4.798454635531279,4.798454635531279,0.2148910894197198,0.0,0.2148910894197198
q_half,6,equal_block,PROSE_ALL,56099.0,4.321163558643087,4.703759089256746,4.570180469407625,4.570180469407626,0.3825955306136596,1.7763568394002506e-16,0.38259553061365936
q_half,6,equal_block,contrast,,0.3344247985958173,0.16672035740187852,0.22827416612365337,0.22827416612365248,-0.1677044411939398,-1.7763568394002506e-16,-0.16770444119393957
q_half,6,eligible_token_weighted,HEX,53009.0,4.607225850876191,4.829789976513886,4.738409725623801,4.738409725623801,0.22256412563769454,0.0,0.22256412563769454
q_half,6,eligible_token_weighted,PROSE_ALL,56099.0,4.314380243040338,4.69108556755403,4.558196185178971,4.558196185178972,0.37670532451369126,1.0925897563861324e-16,0.3767053245136911
q_half,6,eligible_token_weighted,contrast,,0.29284560783585345,0.13870440895985592,0.1802135404448295,0.18021354044482862,-0.15414119887599673,-1.0925897563861324e-16,-0.15414119887599656
q_half,7,equal_block,HEX,53009.0,4.678811148669856,4.880874577793187,4.80451469616523,4.80451469616523,0.20206342912333142,4.440892098500626e-16,0.20206342912333097
q_half,7,equal_block,PROSE_ALL,56099.0,4.317732888544961,4.706134511118544,4.572709724383502,4.572709724383502,0.38840162257358485,1.7763568394002506e-16,0.3884016225735847
q_half,7,equal_block,contrast,,0.36107826012489497,0.1747400666746426,0.23180497178172743,0.23180497178172743,-0.18633819345025343,2.6645352591003756e-16,-0.1863381934502537
q_half,7,eligible_token_weighted,HEX,53009.0,4.623881676583944,4.837496698001523,4.746613051018163,4.746613051018164,0.21361502141757824,7.813637764209028e-16,0.21361502141757746
q_half,7,eligible_token_weighted,PROSE_ALL,56099.0,4.313140926861018,4.693937704909918,4.56474119041922,4.56474119041922,0.3807967780489,1.14420318351001e-16,0.3807967780488999
q_half,7,eligible_token_weighted,contrast,,0.3107407497229264,0.14355899309160502,0.18187186059894334,0.18187186059894422,-0.16718175663132176,6.669434580699018e-16,-0.16718175663132243
q_half,8,equal_block,HEX,53009.0,4.666305965109329,4.870341437028083,4.810925649901008,4.810925649901009,0.20403547191875404,4.440892098500626e-16,0.2040354719187536
q_half,8,equal_block,PROSE_ALL,56099.0,4.318946615417495,4.70304305076514,4.56933595775512,4.56933595775512,0.38409643534764387,0.0,0.38409643534764387
q_half,8,equal_block,contrast,,0.3473593496918337,0.16729838626294313,0.24158969214588755,0.24158969214588843,-0.18006096342888983,4.440892098500626e-16,-0.18006096342889027
q_half,8,eligible_token_weighted,HEX,53009.0,4.62280515556568,4.834289893478901,4.754009439870735,4.754009439870735,0.21148473791322056,1.0681464327922236e-16,0.21148473791322045
q_half,8,eligible_token_weighted,PROSE_ALL,56099.0,4.3137792141582585,4.691296252201298,4.561296079140666,4.561296079140666,0.3775170380430396,0.0,0.3775170380430396
q_half,8,eligible_token_weighted,contrast,,0.30902594140742146,0.14299364127760228,0.19271336073006928,0.19271336073006928,-0.16603230012981904,1.0681464327922236e-16,-0.16603230012981915
q_half,9,equal_block,HEX,53009.0,4.65180782280896,4.863170450086363,4.786727414494141,4.786727414494141,0.21136262727740274,0.0,0.21136262727740274
q_half,9,equal_block,PROSE_ALL,56099.0,4.315604007872561,4.706953682568026,4.575350129883643,4.575350129883643,0.3913496746954646,0.0,0.3913496746954646
q_half,9,equal_block,contrast,,0.3362038149363995,0.15621676751833746,0.21137728461049843,0.21137728461049843,-0.17998704741806187,0.0,-0.17998704741806187
q_half,9,eligible_token_weighted,HEX,53009.0,4.619449448558359,4.8287752063561955,4.73850466858469,4.73850466858469,0.20932575779783624,0.0,0.20932575779783624
q_half,9,eligible_token_weighted,PROSE_ALL,56099.0,4.308823043381724,4.694407835151879,4.565495344859385,4.565495344859385,0.38558479177015437,0.0,0.38558479177015437
q_half,9,eligible_token_weighted,contrast,,0.31062640517663453,0.1343673712043163,0.17300932372530475,0.17300932372530475,-0.17625903397231812,0.0,-0.17625903397231812
upos,0,equal_block,HEX,53009.0,2.7660662440496586,2.814901003803842,2.8570974597556775,2.8570974597556775,0.04883475975418339,0.0,0.04883475975418339
upos,0,equal_block,PROSE_ALL,56099.0,2.7236360603290364,3.007637464456668,3.006221934580906,3.0062260072607616,0.2840014041276313,4.072679855759986e-06,0.28399733144777556
upos,0,equal_block,contrast,,0.04243018372062224,-0.19273646065282612,-0.1491244748252285,-0.14912854750508409,-0.23516664437344792,-4.072679855759986e-06,-0.23516257169359217
upos,0,eligible_token_weighted,HEX,53009.0,2.766807909192348,2.8239560002624744,2.872192792416353,2.872192792416353,0.05714809107012652,0.0,0.05714809107012652
upos,0,eligible_token_weighted,PROSE_ALL,56099.0,2.7172901822462108,3.0005979672990084,3.0022624163899514,3.0022649213868036,0.28330778505279736,2.5049968524037562e-06,0.2833052800559449
upos,0,eligible_token_weighted,contrast,,0.04951772694613732,-0.176641967036534,-0.13006962397359834,-0.1300721289704505,-0.22615969398267083,-2.5049968524037562e-06,-0.22615718898581838
upos,1,equal_block,HEX,53009.0,2.766323162012725,2.8152287511711416,2.8535946273300565,2.8535946273300565,0.048905589158416474,0.0,0.048905589158416474
upos,1,equal_block,PROSE_ALL,56099.0,2.7250169694559845,3.0080947170102212,3.003742027285284,3.003742027285295,0.28307774755423687,1.1013412404281553e-14,0.2830777475542258
upos,1,equal_block,contrast,,0.041306192556740395,-0.19286596583907967,-0.15014739995522763,-0.1501473999552383,-0.2341721583958204,-1.1013412404281553e-14,-0.23417215839580935
upos,1,eligible_token_weighted,HEX,53009.0,2.76904529630804,2.823999733968879,2.8712498851692536,2.8712498851692536,0.05495443766083932,0.0,0.05495443766083932
upos,1,eligible_token_weighted,PROSE_ALL,56099.0,2.7183034059482463,3.0013545053537096,2.9994393396333385,2.9994393396333505,0.28305109940546425,1.2107116757376127e-14,0.2830510994054521
upos,1,eligible_token_weighted,contrast,,0.05074189035979382,-0.17735477138483047,-0.12818945446408492,-0.1281894544640969,-0.22809666174462492,-1.2107116757376127e-14,-0.22809666174461277
upos,2,equal_block,HEX,53009.0,2.7680551010025214,2.815713047857577,2.8559862333119743,2.8559862333119743,0.04765794685505531,0.0,0.04765794685505531
upos,2,equal_block,PROSE_ALL,56099.0,2.7248904368911218,3.0077172427113243,3.0072252837745914,3.007225283774592,0.2828268058202023,2.6645352591003756e-16,0.28282680582020203
upos,2,equal_block,contrast,,0.04316466411139963,-0.1920041948537472,-0.1512390504626171,-0.15123905046261754,-0.235168858965147,-2.6645352591003756e-16,-0.23516885896514672
upos,2,eligible_token_weighted,HEX,53009.0,2.773627109404598,2.8245008997119854,2.8683045929412185,2.8683045929412185,0.050873790307387194,0.0,0.050873790307387194
upos,2,eligible_token_weighted,PROSE_ALL,56099.0,2.717594293854638,3.0008765089201943,3.0039046531658675,3.0039046531658675,0.2832822150655567,1.6388846345791985e-16,0.2832822150655565
upos,2,eligible_token_weighted,contrast,,0.05603281554996009,-0.17637560920820894,-0.135600060224649,-0.135600060224649,-0.23240842475816947,-1.6388846345791985e-16,-0.2324084247581693
upos,3,equal_block,HEX,53009.0,2.769809905033003,2.815275610422111,2.8580610029409192,2.8580610029409192,0.045465705389107436,0.0,0.045465705389107436
upos,3,equal_block,PROSE_ALL,56099.0,2.723280164097779,3.0078653612665356,3.00402432904589,3.00402432904589,0.28458519716875597,0.0,0.28458519716875597
upos,3,equal_block,contrast,,0.04652974093522433,-0.19258975084442476,-0.14596332610497065,-0.14596332610497065,-0.23911949177964853,0.0,-0.23911949177964853
upos,3,eligible_token_weighted,HEX,53009.0,2.7680598948839665,2.8231143090933464,2.8692787027256914,2.8692787027256914,0.055054414209379905,0.0,0.055054414209379905
upos,3,eligible_token_weighted,PROSE_ALL,56099.0,2.716259816198231,3.0010679828302442,2.999489257906548,2.999489257906548,0.2848081666320136,0.0,0.2848081666320136
upos,3,eligible_token_weighted,contrast,,0.05180007868573533,-0.17795367373689785,-0.13021055518085678,-0.13021055518085678,-0.22975375242263368,0.0,-0.22975375242263368
upos,4,equal_block,HEX,53009.0,2.766958867356869,2.8162852628273285,2.857025820069454,2.857025820069454,0.049326395470459694,0.0,0.049326395470459694
upos,4,equal_block,PROSE_ALL,56099.0,2.718815873736462,3.007711600829235,3.002455043128311,3.0024550431284567,0.2888957270927725,1.4557244298885053e-13,0.28889572709262695
upos,4,equal_block,contrast,,0.04814299362040675,-0.19142633800190634,-0.1454292230588572,-0.14542922305900285,-0.2395693316223128,-1.4557244298885053e-13,-0.23956933162216726
upos,4,eligible_token_weighted,HEX,53009.0,2.769796645567945,2.825510542647918,2.872722067103689,2.872722067103689,0.055713897079973276,0.0,0.055713897079973276
upos,4,eligible_token_weighted,PROSE_ALL,56099.0,2.711814483697746,3.0009594167528095,2.9989910552861145,2.9989910552862082,0.28914493305506384,9.376745088864532e-14,0.28914493305497
upos,4,eligible_token_weighted,contrast,,0.057982161870199,-0.1754488741048914,-0.1262689881824257,-0.12626898818251941,-0.23343103597509057,-9.376745088864532e-14,-0.23343103597499676
upos,5,equal_block,HEX,53009.0,2.767129472443324,2.814482908059081,2.8551669980868635,2.8551669980868635,0.04735343561575678,0.0,0.04735343561575678
upos,5,equal_block,PROSE_ALL,56099.0,2.721135046636969,3.007498874115865,3.0056131956727574,3.005613195672791,0.2863638274788961,3.3928415632544786e-14,0.2863638274788622
upos,5,equal_block,contrast,,0.04599442580635538,-0.19301596605678384,-0.15044619758589395,-0.1504461975859277,-0.23901039186313933,-3.3928415632544786e-14,-0.2390103918631054
upos,5,eligible_token_weighted,HEX,53009.0,2.7703422422021142,2.8245735997928145,2.8702060595356826,2.8702060595356826,0.054231357590700635,0.0,0.054231357590700635
upos,5,eligible_token_weighted,PROSE_ALL,56099.0,2.7133537409393367,3.000439583077563,3.002540787391609,3.0025407873916596,0.2870858421382268,5.0473197857609316e-14,0.28708584213817634
upos,5,eligible_token_weighted,contrast,,0.05698850126277755,-0.17586598328474867,-0.13233472785592637,-0.132334727855977,-0.23285448454752616,-5.0473197857609316e-14,-0.2328544845474757
upos,6,equal_block,HEX,53009.0,2.7729685464385163,2.816757588609956,2.8574097893408474,2.8574097893408474,0.04378904217143931,0.0,0.04378904217143931
upos,6,equal_block,PROSE_ALL,56099.0,2.7220359432542396,3.007012334240739,3.003092126553871,3.003092126553885,0.2849763909865001,1.3766765505351941e-14,0.28497639098648636
upos,6,equal_block,contrast,,0.050932603184276726,-0.19025474563078326,-0.1456823372130236,-0.14568233721303736,-0.24118734881506082,-1.3766765505351941e-14,-0.24118734881504705
upos,6,eligible_token_weighted,HEX,53009.0,2.77220907723021,2.8253468634776473,2.870710132605115,2.870710132605115,0.053137786247437035,0.0,0.053137786247437035
upos,6,eligible_token_weighted,PROSE_ALL,56099.0,2.714761522985501,3.0000679568914825,3.0004416204224342,3.000441620422443,0.28530643390598237,8.867574672202578e-15,0.2853064339059735
upos,6,eligible_token_weighted,contrast,,0.05744755424470904,-0.17472109341383524,-0.12973148781731902,-0.1297314878173279,-0.23216864765854534,-8.867574672202578e-15,-0.23216864765853645
upos,7,equal_block,HEX,53009.0,2.770205558980998,2.8152631688764025,2.8587619497589145,2.858761949758915,0.04505760989540386,4.440892098500626e-16,0.04505760989540342
upos,7,equal_block,PROSE_ALL,56099.0,2.720068211427739,3.007687877275088,3.0031748690499454,3.0031748690499454,0.28761966584734927,0.0,0.28761966584734927
upos,7,equal_block,contrast,,0.05013734755325938,-0.19242470839868542,-0.14441291929103084,-0.1444129192910304,-0.2425620559519454,4.440892098500626e-16,-0.24256205595194585
upos,7,eligible_token_weighted,HEX,53009.0,2.7716672081734384,2.825206306800238,2.8715756697957184,2.8715756697957184,0.05353909862679946,1.0681464327922236e-16,0.05353909862679935
upos,7,eligible_token_weighted,PROSE_ALL,56099.0,2.71312769442051,3.0007272229438424,2.9997963703755435,2.9997963703755435,0.28759952852333276,0.0,0.28759952852333276
upos,7,eligible_token_weighted,contrast,,0.05853951375292832,-0.1755209161436042,-0.12822070057982504,-0.12822070057982504,-0.2340604298965333,1.0681464327922236e-16,-0.23406042989653342
upos,8,equal_block,HEX,53009.0,2.7658680477297413,2.816083522779362,2.8616330072852083,2.8616330072852083,0.050215475049620206,0.0,0.050215475049620206
upos,8,equal_block,PROSE_ALL,56099.0,2.7221281979375185,3.00715830964003,3.0038956092705913,3.0038956100097574,0.28503011170251175,7.391659728739342e-10,0.2850301109633458
upos,8,equal_block,contrast,,0.043739849792222785,-0.19107478686066814,-0.14226260198538299,-0.14226260272454905,-0.23481463665289154,-7.391659728739342e-10,-0.2348146359137256
upos,8,eligible_token_weighted,HEX,53009.0,2.768755244543797,2.8256240621894917,2.87636452980133,2.87636452980133,0.056868817645694944,0.0,0.056868817645694944
upos,8,eligible_token_weighted,PROSE_ALL,56099.0,2.7148907454926583,3.0001218796880575,3.000738847202183,3.000738848054875,0.28523113419539897,8.526918563380087e-10,0.28523113334270705
upos,8,eligible_token_weighted,contrast,,0.05386449905113855,-0.17449781749856585,-0.12437431740085314,-0.12437431825354484,-0.22836231654970401,-8.526918563380087e-10,-0.2283623156970121
upos,9,equal_block,HEX,53009.0,2.766857658774155,2.8151872140473815,2.8534188411076897,2.8534188411076897,0.048329555273226354,0.0,0.048329555273226354
upos,9,equal_block,PROSE_ALL,56099.0,2.724351463960521,3.007376609883665,3.0051217408315063,3.0051217408315356,0.283025145923144,2.957634137601417e-14,0.28302514592311445
upos,9,equal_block,contrast,,0.042506194813634046,-0.1921893958362837,-0.15170289972381656,-0.15170289972384587,-0.23469559064991763,-2.957634137601417e-14,-0.2346955906498881
upos,9,eligible_token_weighted,HEX,53009.0,2.7695334405891368,2.8252754661518322,2.870650198761963,2.870650198761963,0.055742025562695086,0.0,0.055742025562695086
upos,9,eligible_token_weighted,PROSE_ALL,56099.0,2.7171193678634844,3.0002984346610826,3.001713639170554,3.0017136391705725,0.283179066797598,1.842411735098068e-14,0.2831790667975796
upos,9,eligible_token_weighted,contrast,,0.05241407272565235,-0.17502296850925037,-0.13106344040859108,-0.13106344040860973,-0.22743704123490294,-1.842411735098068e-14,-0.2274370412348845
